Tarih,TP DK USD S YTL,TP DK USD A YTL
11/12/2010,,
12/12/2010,,
13/12/2010,1.5012,1.494
14/12/2010,1.505,1.4978
15/12/2010,1.5009,1.4937
16/12/2010,1.5182,1.5109
17/12/2010,1.523,1.5157
18/12/2010,,
19/12/2010,,
20/12/2010,1.5273,1.52
21/12/2010,1.5536,1.5461
22/12/2010,1.5572,1.5497
23/12/2010,1.5531,1.5456
24/12/2010,1.552,1.5446
25/12/2010,,
26/12/2010,,
27/12/2010,1.5466,1.5392
28/12/2010,1.5477,1.5403
29/12/2010,1.549,1.5416
30/12/2010,1.5642,1.5567
31/12/2010,1.5535,1.546
01/01/2011,,
02/01/2011,,
03/01/2011,1.545,1.5376
04/01/2011,1.5551,1.5476
05/01/2011,1.5519,1.5445
06/01/2011,1.5474,1.54
07/01/2011,1.5476,1.5402
08/01/2011,,
09/01/2011,,
10/01/2011,1.5646,1.5571
11/01/2011,1.5854,1.5778
12/01/2011,1.5778,1.5702
13/01/2011,1.5694,1.5619
14/01/2011,1.5589,1.5514
15/01/2011,,
16/01/2011,,
17/01/2011,1.5503,1.5429
18/01/2011,1.55,1.5426
19/01/2011,1.5337,1.5263
20/01/2011,1.5394,1.532
21/01/2011,1.5608,1.5533
22/01/2011,,
23/01/2011,,
24/01/2011,1.5769,1.5693
25/01/2011,1.5711,1.5636
26/01/2011,1.5627,1.5552
27/01/2011,1.5736,1.566
28/01/2011,1.575,1.5674
29/01/2011,,
30/01/2011,,
31/01/2011,1.5909,1.5833
01/02/2011,1.6068,1.5991
02/02/2011,1.589,1.5814
03/02/2011,1.5783,1.5707
04/02/2011,1.5836,1.576
05/02/2011,,
06/02/2011,,
07/02/2011,1.6004,1.5927
08/02/2011,1.577,1.5694
09/02/2011,1.5746,1.567
10/02/2011,1.5873,1.5797
11/02/2011,1.5989,1.5912
12/02/2011,,
13/02/2011,,
14/02/2011,1.5963,1.5886
15/02/2011,1.5916,1.584
16/02/2011,1.596,1.5883
17/02/2011,1.5883,1.5807
18/02/2011,1.5778,1.5702
19/02/2011,,
20/02/2011,,
21/02/2011,1.5807,1.5731
22/02/2011,1.5817,1.5741
23/02/2011,1.6011,1.5934
24/02/2011,1.5933,1.5857
25/02/2011,1.6085,1.6008
26/02/2011,,
27/02/2011,,
28/02/2011,1.5982,1.5905
01/03/2011,1.6005,1.5928
02/03/2011,1.6057,1.598
03/03/2011,1.617,1.6092
04/03/2011,1.6118,1.6041
05/03/2011,,
06/03/2011,,
07/03/2011,1.5996,1.5919
08/03/2011,1.6019,1.5942
09/03/2011,1.5931,1.5855
10/03/2011,1.5876,1.58
11/03/2011,1.5835,1.5759
12/03/2011,,
13/03/2011,,
14/03/2011,1.5862,1.5786
15/03/2011,1.5805,1.5729
16/03/2011,1.583,1.5754
17/03/2011,1.5838,1.5762
18/03/2011,1.5864,1.5788
19/03/2011,,
20/03/2011,,
21/03/2011,1.5833,1.5757
22/03/2011,1.5769,1.5693
23/03/2011,1.5701,1.5626
24/03/2011,1.5618,1.5543
25/03/2011,1.5545,1.547
26/03/2011,,
27/03/2011,,
28/03/2011,1.5507,1.5433
29/03/2011,1.556,1.5485
30/03/2011,1.5624,1.5549
31/03/2011,1.5558,1.5483
01/04/2011,1.5437,1.5363
02/04/2011,,
03/04/2011,,
04/04/2011,1.5434,1.536
05/04/2011,1.5353,1.5279
06/04/2011,1.5347,1.5273
07/04/2011,1.523,1.5157
08/04/2011,1.5158,1.5085
09/04/2011,,
10/04/2011,,
11/04/2011,1.5027,1.4955
12/04/2011,1.5126,1.5053
13/04/2011,1.5184,1.5111
14/04/2011,1.5148,1.5075
15/04/2011,1.5219,1.5146
16/04/2011,,
17/04/2011,,
18/04/2011,1.5192,1.5119
19/04/2011,1.5238,1.5165
20/04/2011,1.5345,1.5271
21/04/2011,1.5197,1.5124
22/04/2011,1.5153,1.508
23/04/2011,,
24/04/2011,,
25/04/2011,1.517,1.5097
26/04/2011,1.5196,1.5123
27/04/2011,1.5279,1.5206
28/04/2011,1.5219,1.5146
29/04/2011,1.5165,1.5092
30/04/2011,,
01/05/2011,,
02/05/2011,1.5214,1.5141
03/05/2011,1.52,1.5127
04/05/2011,1.53,1.5227
05/05/2011,1.538,1.5306
06/05/2011,1.5441,1.5367
07/05/2011,,
08/05/2011,,
09/05/2011,1.5435,1.5361
10/05/2011,1.5412,1.5338
11/05/2011,1.5569,1.5494
12/05/2011,1.5743,1.5667
13/05/2011,1.5878,1.5802
14/05/2011,,
15/05/2011,,
16/05/2011,1.5824,1.5748
17/05/2011,1.5946,1.5869
18/05/2011,1.5858,1.5782
19/05/2011,,
20/05/2011,1.5819,1.5743
21/05/2011,,
22/05/2011,,
23/05/2011,1.5812,1.5736
24/05/2011,1.6078,1.6001
25/05/2011,1.6011,1.5934
26/05/2011,1.6049,1.5972
27/05/2011,1.5993,1.5916
28/05/2011,,
29/05/2011,,
30/05/2011,1.608,1.6003
31/05/2011,1.6016,1.5939
01/06/2011,1.5935,1.5859
02/06/2011,1.5902,1.5826
03/06/2011,1.5917,1.5841
04/06/2011,,
05/06/2011,,
06/06/2011,1.5849,1.5773
07/06/2011,1.5794,1.5718
08/06/2011,1.5811,1.5735
09/06/2011,1.5867,1.5791
10/06/2011,1.5804,1.5728
11/06/2011,,
12/06/2011,,
13/06/2011,1.5773,1.5697
14/06/2011,1.5728,1.5653
15/06/2011,1.5771,1.5695
16/06/2011,1.5956,1.5879
17/06/2011,1.6153,1.6075
18/06/2011,,
19/06/2011,,
20/06/2011,1.6044,1.5967
21/06/2011,1.6103,1.6026
22/06/2011,1.6033,1.5956
23/06/2011,1.6145,1.6068
24/06/2011,1.6261,1.6183
25/06/2011,,
26/06/2011,,
27/06/2011,1.6311,1.6233
28/06/2011,1.6433,1.6354
29/06/2011,1.6403,1.6324
30/06/2011,1.6381,1.6302
01/07/2011,1.6235,1.6157
02/07/2011,,
03/07/2011,,
04/07/2011,1.6151,1.6073
05/07/2011,1.6136,1.6059
06/07/2011,1.6259,1.6181
07/07/2011,1.6331,1.6253
08/07/2011,1.6357,1.6278
09/07/2011,,
10/07/2011,,
11/07/2011,1.6228,1.615
12/07/2011,1.6422,1.6343
13/07/2011,1.6542,1.6463
14/07/2011,1.6498,1.6419
15/07/2011,1.6458,1.6379
16/07/2011,,
17/07/2011,,
18/07/2011,1.6486,1.6407
19/07/2011,1.6644,1.6564
20/07/2011,1.6573,1.6493
21/07/2011,1.6577,1.6497
22/07/2011,1.673,1.665
23/07/2011,,
24/07/2011,,
25/07/2011,1.6749,1.6669
26/07/2011,1.7193,1.711
27/07/2011,1.7176,1.7094
28/07/2011,1.695,1.6869
29/07/2011,1.6783,1.6702
30/07/2011,,
31/07/2011,,
01/08/2011,1.6814,1.6733
02/08/2011,1.6749,1.6669
03/08/2011,1.6999,1.6917
04/08/2011,1.7056,1.6974
05/08/2011,1.7156,1.7074
06/08/2011,,
07/08/2011,,
08/08/2011,1.7373,1.729
09/08/2011,1.7462,1.7378
10/08/2011,1.7726,1.7641
11/08/2011,1.7493,1.7409
12/08/2011,1.7754,1.7669
13/08/2011,,
14/08/2011,,
15/08/2011,1.7837,1.7751
16/08/2011,1.7716,1.7631
17/08/2011,1.7799,1.7714
18/08/2011,1.7706,1.7621
19/08/2011,1.7761,1.7676
20/08/2011,,
21/08/2011,,
22/08/2011,1.7898,1.7812
23/08/2011,1.79,1.7814
24/08/2011,1.7836,1.775
25/08/2011,1.7783,1.7698
26/08/2011,1.77,1.7615
27/08/2011,,
28/08/2011,,
29/08/2011,1.7538,1.7454
30/08/2011,,
31/08/2011,,
01/09/2011,,
02/09/2011,1.7538,1.7454
03/09/2011,,
04/09/2011,,
05/09/2011,1.7447,1.7363
06/09/2011,1.763,1.7545
07/09/2011,1.7698,1.7613
08/09/2011,1.7544,1.746
09/09/2011,1.7677,1.7592
10/09/2011,,
11/09/2011,,
12/09/2011,1.7756,1.7671
13/09/2011,1.7925,1.7839
14/09/2011,1.7831,1.7745
15/09/2011,1.7722,1.7637
16/09/2011,1.782,1.7734
17/09/2011,,
18/09/2011,,
19/09/2011,1.7836,1.775
20/09/2011,1.7958,1.7872
21/09/2011,1.7979,1.7893
22/09/2011,1.7979,1.7893
23/09/2011,1.8271,1.8183
24/09/2011,,
25/09/2011,,
26/09/2011,1.835,1.8262
27/09/2011,1.8514,1.8425
28/09/2011,1.8499,1.841
29/09/2011,1.8464,1.8375
30/09/2011,1.8542,1.8453
01/10/2011,,
02/10/2011,,
03/10/2011,1.8601,1.8512
04/10/2011,1.8658,1.8568
05/10/2011,1.8961,1.887
06/10/2011,1.8754,1.8664
07/10/2011,1.8463,1.8374
08/10/2011,,
09/10/2011,,
10/10/2011,1.8431,1.8343
11/10/2011,1.8354,1.8266
12/10/2011,1.8392,1.8304
13/10/2011,1.8296,1.8208
14/10/2011,1.8317,1.8229
15/10/2011,,
16/10/2011,,
17/10/2011,1.8372,1.8284
18/10/2011,1.8441,1.8352
19/10/2011,1.8668,1.8578
20/10/2011,1.8508,1.8419
21/10/2011,1.8672,1.8582
22/10/2011,,
23/10/2011,,
24/10/2011,1.8523,1.8434
25/10/2011,1.8261,1.8173
26/10/2011,1.8014,1.7928
27/10/2011,1.7652,1.7567
28/10/2011,1.76,1.7516
29/10/2011,,
30/10/2011,,
31/10/2011,1.76,1.7516
01/11/2011,1.7542,1.7458
02/11/2011,1.7948,1.7862
03/11/2011,1.7799,1.7714
04/11/2011,1.7766,1.7681
05/11/2011,,
06/11/2011,,
07/11/2011,,
08/11/2011,,
09/11/2011,,
10/11/2011,1.7526,1.7442
11/11/2011,1.7873,1.7787
12/11/2011,,
13/11/2011,,
14/11/2011,1.7786,1.7701
15/11/2011,1.78,1.7715
16/11/2011,1.7915,1.7829
17/11/2011,1.8022,1.7935
18/11/2011,1.8107,1.802
19/11/2011,,
20/11/2011,,
21/11/2011,1.8159,1.8072
22/11/2011,1.8424,1.8336
23/11/2011,1.8417,1.8329
24/11/2011,1.864,1.8551
25/11/2011,1.8637,1.8548
26/11/2011,,
27/11/2011,,
28/11/2011,1.8842,1.8752
29/11/2011,1.8637,1.8548
30/11/2011,1.8528,1.8439
01/12/2011,1.8498,1.8409
02/12/2011,1.8331,1.8243
03/12/2011,,
04/12/2011,,
05/12/2011,1.823,1.8142
06/12/2011,1.8302,1.8214
07/12/2011,1.8385,1.8297
08/12/2011,1.8313,1.8225
09/12/2011,1.8312,1.8224
10/12/2011,,
11/12/2011,,
12/12/2011,1.848,1.8391
13/12/2011,1.8569,1.848
14/12/2011,1.8678,1.8588
15/12/2011,1.8816,1.8726
16/12/2011,1.8784,1.8694
17/12/2011,,
18/12/2011,,
19/12/2011,1.8785,1.8695
20/12/2011,1.8888,1.8797
21/12/2011,1.8984,1.8893
22/12/2011,1.8789,1.8699
23/12/2011,1.887,1.8779
24/12/2011,,
25/12/2011,,
26/12/2011,1.89,1.8809
27/12/2011,1.8924,1.8833
28/12/2011,1.8938,1.8847
29/12/2011,1.8988,1.8897
30/12/2011,1.9157,1.9065
31/12/2011,,
01/01/2012,,
02/01/2012,1.898,1.8889
03/01/2012,1.8859,1.8768
04/01/2012,1.8868,1.8777
05/01/2012,1.8709,1.8619
06/01/2012,1.8826,1.8736
07/01/2012,,
08/01/2012,,
09/01/2012,1.8786,1.8696
10/01/2012,1.8718,1.8628
11/01/2012,1.8714,1.8624
12/01/2012,1.8627,1.8538
13/01/2012,1.8469,1.838
14/01/2012,,
15/01/2012,,
16/01/2012,1.8516,1.8427
17/01/2012,1.8536,1.8447
18/01/2012,1.8401,1.8313
19/01/2012,1.8394,1.8306
20/01/2012,1.8314,1.8226
21/01/2012,,
22/01/2012,,
23/01/2012,1.8297,1.8209
24/01/2012,1.8291,1.8203
25/01/2012,1.824,1.8152
26/01/2012,1.8255,1.8167
27/01/2012,1.7971,1.7885
28/01/2012,,
29/01/2012,,
30/01/2012,1.7843,1.7757
31/01/2012,1.7905,1.7819
01/02/2012,1.7725,1.764
02/02/2012,1.7681,1.7596
03/02/2012,1.7616,1.7531
04/02/2012,,
05/02/2012,,
06/02/2012,1.7541,1.7457
07/02/2012,1.7642,1.7557
08/02/2012,1.7569,1.7485
09/02/2012,1.7463,1.7379
10/02/2012,1.7531,1.7447
11/02/2012,,
12/02/2012,,
13/02/2012,1.7626,1.7541
14/02/2012,1.756,1.7476
15/02/2012,1.7686,1.7601
16/02/2012,1.7603,1.7519
17/02/2012,1.7761,1.7676
18/02/2012,,
19/02/2012,,
20/02/2012,1.7589,1.7505
21/02/2012,1.7424,1.734
22/02/2012,1.7477,1.7393
23/02/2012,1.7508,1.7424
24/02/2012,1.7592,1.7508
25/02/2012,,
26/02/2012,,
27/02/2012,1.7618,1.7533
28/02/2012,1.7721,1.7636
29/02/2012,1.7569,1.7485
01/03/2012,1.7459,1.7375
02/03/2012,1.7522,1.7438
03/03/2012,,
04/03/2012,,
05/03/2012,1.7622,1.7537
06/03/2012,1.772,1.7635
07/03/2012,1.7848,1.7762
08/03/2012,1.787,1.7784
09/03/2012,1.7745,1.766
10/03/2012,,
11/03/2012,,
12/03/2012,1.7821,1.7735
13/03/2012,1.7961,1.7875
14/03/2012,1.7915,1.7829
15/03/2012,1.7935,1.7849
16/03/2012,1.8041,1.7954
17/03/2012,,
18/03/2012,,
19/03/2012,1.7986,1.79
20/03/2012,1.8058,1.7971
21/03/2012,1.8162,1.8075
22/03/2012,1.8141,1.8054
23/03/2012,1.8105,1.8018
24/03/2012,,
25/03/2012,,
26/03/2012,1.8004,1.7918
27/03/2012,1.7945,1.7859
28/03/2012,1.7848,1.7762
29/03/2012,1.7824,1.7738
30/03/2012,1.7802,1.7717
31/03/2012,,
01/04/2012,,
02/04/2012,1.7815,1.7729
03/04/2012,1.7808,1.7723
04/04/2012,1.7779,1.7694
05/04/2012,1.7902,1.7816
06/04/2012,1.795,1.7864
07/04/2012,,
08/04/2012,,
09/04/2012,1.7923,1.7837
10/04/2012,1.7973,1.7887
11/04/2012,1.8007,1.7921
12/04/2012,1.8068,1.7981
13/04/2012,1.8002,1.7916
14/04/2012,,
15/04/2012,,
16/04/2012,1.7918,1.7832
17/04/2012,1.8011,1.7925
18/04/2012,1.791,1.7824
19/04/2012,1.7913,1.7827
20/04/2012,1.7886,1.78
21/04/2012,,
22/04/2012,,
23/04/2012,,
24/04/2012,1.7915,1.7829
25/04/2012,1.7884,1.7798
26/04/2012,1.7746,1.7661
27/04/2012,1.7654,1.7569
28/04/2012,,
29/04/2012,,
30/04/2012,1.762,1.7535
01/05/2012,,
02/05/2012,1.7573,1.7489
03/05/2012,1.7599,1.7515
04/05/2012,1.7595,1.7511
05/05/2012,,
06/05/2012,,
07/05/2012,1.7567,1.7483
08/05/2012,1.7652,1.7567
09/05/2012,1.764,1.7555
10/05/2012,1.7886,1.78
11/05/2012,1.7874,1.7788
12/05/2012,,
13/05/2012,,
14/05/2012,1.7883,1.7797
15/05/2012,1.8072,1.7985
16/05/2012,1.8057,1.797
17/05/2012,1.8257,1.8169
18/05/2012,1.8248,1.816
19/05/2012,,
20/05/2012,,
21/05/2012,1.8324,1.8236
22/05/2012,1.8295,1.8207
23/05/2012,1.8258,1.817
24/05/2012,1.8476,1.8387
25/05/2012,1.8479,1.839
26/05/2012,,
27/05/2012,,
28/05/2012,1.8407,1.8319
29/05/2012,1.8344,1.8256
30/05/2012,1.8357,1.8269
31/05/2012,1.8395,1.8307
01/06/2012,1.8493,1.8404
02/06/2012,,
03/06/2012,,
04/06/2012,1.8679,1.8589
05/06/2012,1.8519,1.843
06/06/2012,1.8508,1.8419
07/06/2012,1.8399,1.8311
08/06/2012,1.8281,1.8193
09/06/2012,,
10/06/2012,,
11/06/2012,1.8357,1.8269
12/06/2012,1.817,1.8083
13/06/2012,1.8286,1.8198
14/06/2012,1.8252,1.8164
15/06/2012,1.8228,1.8141
16/06/2012,,
17/06/2012,,
18/06/2012,1.8153,1.8066
19/06/2012,1.8102,1.8015
20/06/2012,1.8064,1.7977
21/06/2012,1.7931,1.7845
22/06/2012,1.7981,1.7895
23/06/2012,,
24/06/2012,,
25/06/2012,1.8065,1.7978
26/06/2012,1.821,1.8123
27/06/2012,1.8198,1.8111
28/06/2012,1.8098,1.8011
29/06/2012,1.8241,1.8153
30/06/2012,,
01/07/2012,,
02/07/2012,1.8152,1.8065
03/07/2012,1.8079,1.7992
04/07/2012,1.8011,1.7925
05/07/2012,1.8019,1.7933
06/07/2012,1.8095,1.8008
07/07/2012,,
08/07/2012,,
09/07/2012,1.8182,1.8095
10/07/2012,1.8221,1.8134
11/07/2012,1.8193,1.8106
12/07/2012,1.8099,1.8012
13/07/2012,1.8164,1.8077
14/07/2012,,
15/07/2012,,
16/07/2012,1.8184,1.8097
17/07/2012,1.8135,1.8048
18/07/2012,1.809,1.8003
19/07/2012,1.8084,1.7997
20/07/2012,1.8026,1.7939
21/07/2012,,
22/07/2012,,
23/07/2012,1.8054,1.7967
24/07/2012,1.8188,1.8101
25/07/2012,1.825,1.8162
26/07/2012,1.8249,1.8161
27/07/2012,1.823,1.8142
28/07/2012,,
29/07/2012,,
30/07/2012,1.8187,1.81
31/07/2012,1.8098,1.8011
01/08/2012,1.795,1.7864
02/08/2012,1.7942,1.7856
03/08/2012,1.7982,1.7896
04/08/2012,,
05/08/2012,,
06/08/2012,1.7881,1.7795
07/08/2012,1.7793,1.7708
08/08/2012,1.7819,1.7733
09/08/2012,1.7894,1.7808
10/08/2012,1.7844,1.7758
11/08/2012,,
12/08/2012,,
13/08/2012,1.7898,1.7812
14/08/2012,1.7906,1.782
15/08/2012,1.7946,1.786
16/08/2012,1.8019,1.7933
17/08/2012,1.7982,1.7896
18/08/2012,,
19/08/2012,,
20/08/2012,,
21/08/2012,,
22/08/2012,1.7986,1.79
23/08/2012,1.7954,1.7868
24/08/2012,1.793,1.7844
25/08/2012,,
26/08/2012,,
27/08/2012,1.7989,1.7903
28/08/2012,1.8002,1.7916
29/08/2012,1.8014,1.7928
30/08/2012,,
31/08/2012,1.8157,1.807
01/09/2012,,
02/09/2012,,
03/09/2012,1.8198,1.8111
04/09/2012,1.8206,1.8119
05/09/2012,1.8179,1.8092
06/09/2012,1.824,1.8152
07/09/2012,1.8184,1.8097
08/09/2012,,
09/09/2012,,
10/09/2012,1.8068,1.7981
11/09/2012,1.8007,1.7921
12/09/2012,1.8036,1.7949
13/09/2012,1.8018,1.7932
14/09/2012,1.8098,1.8011
15/09/2012,,
16/09/2012,,
17/09/2012,1.7948,1.7862
18/09/2012,1.7974,1.7888
19/09/2012,1.8019,1.7933
20/09/2012,1.7924,1.7838
21/09/2012,1.8014,1.7928
22/09/2012,,
23/09/2012,,
24/09/2012,1.7952,1.7866
25/09/2012,1.8001,1.7915
26/09/2012,1.7945,1.7859
27/09/2012,1.7938,1.7852
28/09/2012,1.7906,1.782
29/09/2012,,
30/09/2012,,
01/10/2012,1.7933,1.7847
02/10/2012,1.7967,1.7881
03/10/2012,1.7929,1.7843
04/10/2012,1.7931,1.7845
05/10/2012,1.806,1.7973
06/10/2012,,
07/10/2012,,
08/10/2012,1.7979,1.7893
09/10/2012,1.8098,1.8011
10/10/2012,1.8149,1.8062
11/10/2012,1.8169,1.8082
12/10/2012,1.8126,1.8039
13/10/2012,,
14/10/2012,,
15/10/2012,1.8076,1.7989
16/10/2012,1.8095,1.8008
17/10/2012,1.8091,1.8004
18/10/2012,1.8013,1.7927
19/10/2012,1.7999,1.7913
20/10/2012,,
21/10/2012,,
22/10/2012,1.7976,1.789
23/10/2012,1.7949,1.7863
24/10/2012,1.8001,1.7915
25/10/2012,,
26/10/2012,,
27/10/2012,,
28/10/2012,,
29/10/2012,,
30/10/2012,1.8001,1.7915
31/10/2012,1.8014,1.7928
01/11/2012,1.7939,1.7853
02/11/2012,1.7928,1.7842
03/11/2012,,
04/11/2012,,
05/11/2012,1.7905,1.7819
06/11/2012,1.7888,1.7802
07/11/2012,1.7767,1.7682
08/11/2012,1.7766,1.7681
09/11/2012,1.7847,1.7761
10/11/2012,,
11/11/2012,,
12/11/2012,1.7894,1.7808
13/11/2012,1.7969,1.7883
14/11/2012,1.8055,1.7968
15/11/2012,1.8023,1.7936
16/11/2012,1.8005,1.7919
17/11/2012,,
18/11/2012,,
19/11/2012,1.8014,1.7928
20/11/2012,1.8018,1.7932
21/11/2012,1.7994,1.7908
22/11/2012,1.7991,1.7905
23/11/2012,1.7995,1.7909
24/11/2012,,
25/11/2012,,
26/11/2012,1.7988,1.7902
27/11/2012,1.795,1.7864
28/11/2012,1.7942,1.7856
29/11/2012,1.793,1.7844
30/11/2012,1.7883,1.7797
01/12/2012,,
02/12/2012,,
03/12/2012,1.786,1.7774
04/12/2012,1.7877,1.7791
05/12/2012,1.7859,1.7773
06/12/2012,1.785,1.7764
07/12/2012,1.7895,1.7809
08/12/2012,,
09/12/2012,,
10/12/2012,1.7915,1.7829
11/12/2012,1.7914,1.7828
12/12/2012,1.7857,1.7771
13/12/2012,1.7793,1.7708
14/12/2012,1.7791,1.7706
15/12/2012,,
16/12/2012,,
17/12/2012,1.7824,1.7738
18/12/2012,1.7833,1.7747
19/12/2012,1.7831,1.7745
20/12/2012,1.7806,1.7721
21/12/2012,1.7849,1.7763
22/12/2012,,
23/12/2012,,
24/12/2012,1.7955,1.7869
25/12/2012,1.7979,1.7893
26/12/2012,1.7963,1.7877
27/12/2012,1.7934,1.7848
28/12/2012,1.7915,1.7829
29/12/2012,,
30/12/2012,,
31/12/2012,1.7912,1.7826
01/01/2013,,
02/01/2013,1.7862,1.7776
03/01/2013,1.7793,1.7708
04/01/2013,1.7815,1.7729
05/01/2013,,
06/01/2013,,
07/01/2013,1.7886,1.78
08/01/2013,1.7822,1.7736
09/01/2013,1.779,1.7705
10/01/2013,1.7777,1.7692
11/01/2013,1.7753,1.7668
12/01/2013,,
13/01/2013,,
14/01/2013,1.7709,1.7624
15/01/2013,1.7697,1.7612
16/01/2013,1.7714,1.7629
17/01/2013,1.7705,1.762
18/01/2013,1.7594,1.751
19/01/2013,,
20/01/2013,,
21/01/2013,1.758,1.7496
22/01/2013,1.7625,1.754
23/01/2013,1.7657,1.7572
24/01/2013,1.7707,1.7622
25/01/2013,1.771,1.7625
26/01/2013,,
27/01/2013,,
28/01/2013,1.7656,1.7571
29/01/2013,1.7682,1.7597
30/01/2013,1.7714,1.7629
31/01/2013,1.7673,1.7588
01/02/2013,1.7633,1.7548
02/02/2013,,
03/02/2013,,
04/02/2013,1.7546,1.7462
05/02/2013,1.7543,1.7459
06/02/2013,1.7593,1.7509
07/02/2013,1.7654,1.7569
08/02/2013,1.7686,1.7601
09/02/2013,,
10/02/2013,,
11/02/2013,1.772,1.7635
12/02/2013,1.7732,1.7647
13/02/2013,1.7752,1.7667
14/02/2013,1.7675,1.759
15/02/2013,1.7704,1.7619
16/02/2013,,
17/02/2013,,
18/02/2013,1.7707,1.7675
19/02/2013,1.7683,1.7651
20/02/2013,1.773,1.7698
21/02/2013,1.7792,1.776
22/02/2013,1.7943,1.7911
23/02/2013,,
24/02/2013,,
25/02/2013,1.7936,1.7904
26/02/2013,1.7994,1.7961
27/02/2013,1.8102,1.8069
28/02/2013,1.8082,1.805
01/03/2013,1.7988,1.7955
02/03/2013,,
03/03/2013,,
04/03/2013,1.8042,1.801
05/03/2013,1.8054,1.8021
06/03/2013,1.7981,1.7949
07/03/2013,1.7946,1.7914
08/03/2013,1.8002,1.7969
09/03/2013,,
10/03/2013,,
11/03/2013,1.7981,1.7949
12/03/2013,1.8061,1.8028
13/03/2013,1.8054,1.8021
14/03/2013,1.8092,1.806
15/03/2013,1.8162,1.8129
16/03/2013,,
17/03/2013,,
18/03/2013,1.8117,1.8085
19/03/2013,1.817,1.8137
20/03/2013,1.8184,1.8151
21/03/2013,1.822,1.8187
22/03/2013,1.8184,1.8151
23/03/2013,,
24/03/2013,,
25/03/2013,1.8207,1.8174
26/03/2013,1.8172,1.814
27/03/2013,1.82,1.8168
28/03/2013,1.8209,1.8176
29/03/2013,1.817,1.8137
30/03/2013,,
31/03/2013,,
01/04/2013,1.812,1.8087
02/04/2013,1.8131,1.8099
03/04/2013,1.8081,1.8049
04/04/2013,1.8093,1.8061
05/04/2013,1.8108,1.8075
06/04/2013,,
07/04/2013,,
08/04/2013,1.8039,1.8007
09/04/2013,1.7913,1.7881
10/04/2013,1.7862,1.783
11/04/2013,1.7866,1.7834
12/04/2013,1.7881,1.7849
13/04/2013,,
14/04/2013,,
15/04/2013,1.7915,1.7883
16/04/2013,1.7922,1.789
17/04/2013,1.7954,1.7921
18/04/2013,1.792,1.7887
19/04/2013,1.7976,1.7944
20/04/2013,,
21/04/2013,,
22/04/2013,1.7997,1.7965
23/04/2013,,
24/04/2013,1.8048,1.8016
25/04/2013,1.8066,1.8034
26/04/2013,1.8022,1.799
27/04/2013,,
28/04/2013,,
29/04/2013,1.8036,1.8004
30/04/2013,1.7985,1.7953
01/05/2013,,
02/05/2013,1.7995,1.7963
03/05/2013,1.7959,1.7927
04/05/2013,,
05/05/2013,,
06/05/2013,1.7974,1.7942
07/05/2013,1.7979,1.7947
08/05/2013,1.8023,1.7991
09/05/2013,1.797,1.7938
10/05/2013,1.7932,1.7899
11/05/2013,,
12/05/2013,,
13/05/2013,1.8033,1.8001
14/05/2013,1.8092,1.8059
15/05/2013,1.8134,1.8102
16/05/2013,1.8234,1.8201
17/05/2013,1.826,1.8227
18/05/2013,,
19/05/2013,,
20/05/2013,1.8376,1.8343
21/05/2013,1.8461,1.8428
22/05/2013,1.8508,1.8475
23/05/2013,1.8434,1.8401
24/05/2013,1.8535,1.8502
25/05/2013,,
26/05/2013,,
27/05/2013,1.8466,1.8433
28/05/2013,1.8475,1.8442
29/05/2013,1.852,1.8487
30/05/2013,1.8676,1.8642
31/05/2013,1.8695,1.8661
01/06/2013,,
02/06/2013,,
03/06/2013,1.8876,1.8842
04/06/2013,1.8936,1.8902
05/06/2013,1.8779,1.8745
06/06/2013,1.883,1.8796
07/06/2013,1.8894,1.886
08/06/2013,,
09/06/2013,,
10/06/2013,1.8896,1.8862
11/06/2013,1.8975,1.8941
12/06/2013,1.8977,1.8943
13/06/2013,1.8792,1.8758
14/06/2013,1.8713,1.868
15/06/2013,,
16/06/2013,,
17/06/2013,1.8567,1.8534
18/06/2013,1.8688,1.8654
19/06/2013,1.8792,1.8758
20/06/2013,1.8845,1.8811
21/06/2013,1.92,1.9166
22/06/2013,,
23/06/2013,,
24/06/2013,1.9347,1.9312
25/06/2013,1.9442,1.9407
26/06/2013,1.9373,1.9339
27/06/2013,1.9355,1.932
28/06/2013,1.9306,1.9272
29/06/2013,,
30/06/2013,,
01/07/2013,1.9282,1.9248
02/07/2013,1.9269,1.9235
03/07/2013,1.925,1.9216
04/07/2013,1.9512,1.9477
05/07/2013,1.9517,1.9482
06/07/2013,,
07/07/2013,,
08/07/2013,1.9509,1.9474
09/07/2013,1.9545,1.951
10/07/2013,1.9421,1.9386
11/07/2013,1.9471,1.9436
12/07/2013,1.9435,1.94
13/07/2013,,
14/07/2013,,
15/07/2013,1.9608,1.9573
16/07/2013,1.9444,1.9409
17/07/2013,1.9311,1.9276
18/07/2013,1.9287,1.9252
19/07/2013,1.9199,1.9164
20/07/2013,,
21/07/2013,,
22/07/2013,1.9247,1.9213
23/07/2013,1.9186,1.9151
24/07/2013,1.9152,1.9117
25/07/2013,1.9103,1.9068
26/07/2013,1.9282,1.9247
27/07/2013,,
28/07/2013,,
29/07/2013,1.9236,1.9201
30/07/2013,1.927,1.9235
31/07/2013,1.9276,1.9241
01/08/2013,1.9343,1.9309
02/08/2013,1.9384,1.9349
03/08/2013,,
04/08/2013,,
05/08/2013,1.9488,1.9453
06/08/2013,1.9316,1.9282
07/08/2013,1.9327,1.9292
08/08/2013,,
09/08/2013,,
10/08/2013,,
11/08/2013,,
12/08/2013,1.9327,1.9292
13/08/2013,1.9265,1.9231
14/08/2013,1.929,1.9255
15/08/2013,1.9392,1.9358
16/08/2013,1.9321,1.9286
17/08/2013,,
18/08/2013,,
19/08/2013,1.9377,1.9342
20/08/2013,1.9503,1.9468
21/08/2013,1.9515,1.948
22/08/2013,1.9615,1.958
23/08/2013,1.9871,1.9835
24/08/2013,,
25/08/2013,,
26/08/2013,1.9885,1.9849
27/08/2013,1.9987,1.9951
28/08/2013,2.0262,2.0225
29/08/2013,2.0594,2.0557
30/08/2013,,
31/08/2013,,
01/09/2013,,
02/09/2013,2.0348,2.0311
03/09/2013,2.0197,2.016
04/09/2013,2.0452,2.0415
05/09/2013,2.0577,2.054
06/09/2013,2.077,2.0732
07/09/2013,,
08/09/2013,,
09/09/2013,2.0668,2.063
10/09/2013,2.042,2.0383
11/09/2013,2.0321,2.0285
12/09/2013,2.0173,2.0137
13/09/2013,2.025,2.0213
14/09/2013,,
15/09/2013,,
16/09/2013,2.0294,2.0257
17/09/2013,1.9963,1.9927
18/09/2013,2.0081,2.0045
19/09/2013,2.0059,2.0023
20/09/2013,1.9557,1.9522
21/09/2013,,
22/09/2013,,
23/09/2013,1.9755,1.972
24/09/2013,1.9892,1.9856
25/09/2013,1.9981,1.9946
26/09/2013,2.007,2.0034
27/09/2013,2.0159,2.0123
28/09/2013,,
29/09/2013,,
30/09/2013,2.0378,2.0342
01/10/2013,2.0402,2.0365
02/10/2013,2.0138,2.0102
03/10/2013,2.0223,2.0187
04/10/2013,2.0025,1.9989
05/10/2013,,
06/10/2013,,
07/10/2013,2,1.9964
08/10/2013,1.9997,1.9961
09/10/2013,1.9911,1.9875
10/10/2013,1.9907,1.9871
11/10/2013,1.9811,1.9775
12/10/2013,,
13/10/2013,,
14/10/2013,1.9799,1.9764
15/10/2013,,
16/10/2013,,
17/10/2013,,
18/10/2013,,
19/10/2013,,
20/10/2013,,
21/10/2013,1.9799,1.9764
22/10/2013,1.9782,1.9746
23/10/2013,1.9837,1.9802
24/10/2013,1.9773,1.9738
25/10/2013,1.9796,1.976
26/10/2013,,
27/10/2013,,
28/10/2013,1.9888,1.9853
29/10/2013,,
30/10/2013,1.9888,1.9853
31/10/2013,1.9923,1.9888
01/11/2013,1.993,1.9895
02/11/2013,,
03/11/2013,,
04/11/2013,2.0099,2.0063
05/11/2013,2.0214,2.0178
06/11/2013,2.0271,2.0235
07/11/2013,2.0299,2.0262
08/11/2013,2.0343,2.0306
09/11/2013,,
10/11/2013,,
11/11/2013,2.0302,2.0265
12/11/2013,2.0395,2.0358
13/11/2013,2.0537,2.05
14/11/2013,2.0553,2.0516
15/11/2013,2.0479,2.0442
16/11/2013,,
17/11/2013,,
18/11/2013,2.0411,2.0374
19/11/2013,2.0238,2.0201
20/11/2013,2.0206,2.0169
21/11/2013,2.0134,2.0098
22/11/2013,2.0217,2.0181
23/11/2013,,
24/11/2013,,
25/11/2013,2.0201,2.0164
26/11/2013,2.0005,1.9969
27/11/2013,2.0107,2.0071
28/11/2013,2.019,2.0154
29/11/2013,2.0203,2.0166
30/11/2013,,
01/12/2013,,
02/12/2013,2.0211,2.0174
03/12/2013,2.0319,2.0282
04/12/2013,2.0395,2.0359
05/12/2013,2.0492,2.0455
06/12/2013,2.0519,2.0482
07/12/2013,,
08/12/2013,,
09/12/2013,2.0431,2.0394
10/12/2013,2.0349,2.0313
11/12/2013,2.0301,2.0265
12/12/2013,2.033,2.0294
13/12/2013,2.0407,2.037
14/12/2013,,
15/12/2013,,
16/12/2013,2.0441,2.0404
17/12/2013,2.0373,2.0337
18/12/2013,2.0409,2.0372
19/12/2013,2.0459,2.0423
20/12/2013,2.0645,2.0608
21/12/2013,,
22/12/2013,,
23/12/2013,2.0928,2.089
24/12/2013,2.0914,2.0877
25/12/2013,2.0849,2.0812
26/12/2013,2.0748,2.071
27/12/2013,2.0994,2.0957
28/12/2013,,
29/12/2013,,
30/12/2013,2.1642,2.1604
31/12/2013,2.1381,2.1343
01/01/2014,,
02/01/2014,2.1343,2.1304
03/01/2014,2.1757,2.1718
04/01/2014,,
05/01/2014,,
06/01/2014,2.1726,2.1687
07/01/2014,2.1918,2.1878
08/01/2014,2.1762,2.1723
09/01/2014,2.1796,2.1757
10/01/2014,2.1884,2.1845
11/01/2014,,
12/01/2014,,
13/01/2014,2.18,2.176
14/01/2014,2.1759,2.1719
15/01/2014,2.1949,2.1909
16/01/2014,2.1951,2.1911
17/01/2014,2.21,2.206
18/01/2014,,
19/01/2014,,
20/01/2014,2.2124,2.2084
21/01/2014,2.2425,2.2385
22/01/2014,2.2455,2.2415
23/01/2014,2.2591,2.2551
24/01/2014,2.2782,2.2741
25/01/2014,,
26/01/2014,,
27/01/2014,2.3184,2.3142
28/01/2014,2.347,2.3428
29/01/2014,2.2699,2.2658
30/01/2014,2.2274,2.2234
31/01/2014,2.2837,2.2795
01/02/2014,,
02/02/2014,,
03/02/2014,2.2737,2.2696
04/02/2014,2.2675,2.2634
05/02/2014,2.2601,2.256
06/02/2014,2.2434,2.2393
07/02/2014,2.2289,2.2249
08/02/2014,,
09/02/2014,,
10/02/2014,2.2209,2.2169
11/02/2014,2.2287,2.2247
12/02/2014,2.2064,2.2024
13/02/2014,2.1962,2.1923
14/02/2014,2.2042,2.2003
15/02/2014,,
16/02/2014,,
17/02/2014,2.1884,2.1845
18/02/2014,2.1849,2.181
19/02/2014,2.183,2.179
20/02/2014,2.192,2.1881
21/02/2014,2.2121,2.2081
22/02/2014,,
23/02/2014,,
24/02/2014,2.2012,2.1972
25/02/2014,2.1845,2.1806
26/02/2014,2.2086,2.2046
27/02/2014,2.212,2.2081
28/02/2014,2.2382,2.2342
01/03/2014,,
02/03/2014,,
03/03/2014,2.2168,2.2129
04/03/2014,2.2225,2.2185
05/03/2014,2.2159,2.2119
06/03/2014,2.2114,2.2074
07/03/2014,2.2039,2.1999
08/03/2014,,
09/03/2014,,
10/03/2014,2.1912,2.1873
11/03/2014,2.2158,2.2118
12/03/2014,2.226,2.222
13/03/2014,2.2499,2.2459
14/03/2014,2.2284,2.2244
15/03/2014,,
16/03/2014,,
17/03/2014,2.2362,2.2322
18/03/2014,2.2256,2.2216
19/03/2014,2.2265,2.2224
20/03/2014,2.2252,2.2212
21/03/2014,2.2413,2.2373
22/03/2014,,
23/03/2014,,
24/03/2014,2.239,2.235
25/03/2014,2.241,2.237
26/03/2014,2.2359,2.2319
27/03/2014,2.2161,2.2121
28/03/2014,2.1951,2.1912
29/03/2014,,
30/03/2014,,
31/03/2014,2.1938,2.1898
01/04/2014,2.1596,2.1557
02/04/2014,2.1531,2.1492
03/04/2014,2.135,2.1311
04/04/2014,2.1393,2.1355
05/04/2014,,
06/04/2014,,
07/04/2014,2.1393,2.1354
08/04/2014,2.1221,2.1183
09/04/2014,2.0978,2.0941
10/04/2014,2.1084,2.1046
11/04/2014,2.1031,2.0993
12/04/2014,,
13/04/2014,,
14/04/2014,2.1215,2.1177
15/04/2014,2.1306,2.1268
16/04/2014,2.1301,2.1263
17/04/2014,2.136,2.1322
18/04/2014,2.1341,2.1302
19/04/2014,,
20/04/2014,,
21/04/2014,2.1322,2.1284
22/04/2014,2.1368,2.133
23/04/2014,,
24/04/2014,2.141,2.1372
25/04/2014,2.1425,2.1387
26/04/2014,,
27/04/2014,,
28/04/2014,2.1378,2.1339
29/04/2014,2.1351,2.1313
30/04/2014,2.1218,2.118
01/05/2014,,
02/05/2014,2.1193,2.1154
03/05/2014,,
04/05/2014,,
05/05/2014,2.1111,2.1073
06/05/2014,2.1004,2.0966
07/05/2014,2.097,2.0932
08/05/2014,2.096,2.0923
09/05/2014,2.0784,2.0746
10/05/2014,,
11/05/2014,,
12/05/2014,2.0804,2.0766
13/05/2014,2.0792,2.0755
14/05/2014,2.0749,2.0712
15/05/2014,2.0748,2.0711
16/05/2014,2.0807,2.077
17/05/2014,,
18/05/2014,,
19/05/2014,,
20/05/2014,2.1019,2.0981
21/05/2014,2.1083,2.1046
22/05/2014,2.111,2.1072
23/05/2014,2.0958,2.0921
24/05/2014,,
25/05/2014,,
26/05/2014,2.0883,2.0845
27/05/2014,2.0885,2.0848
28/05/2014,2.1011,2.0973
29/05/2014,2.1083,2.1045
30/05/2014,2.0959,2.0922
31/05/2014,,
01/06/2014,,
02/06/2014,2.0954,2.0916
03/06/2014,2.0998,2.096
04/06/2014,2.1054,2.1016
05/06/2014,2.1237,2.1199
06/06/2014,2.1126,2.1088
07/06/2014,,
08/06/2014,,
09/06/2014,2.0934,2.0897
10/06/2014,2.0818,2.078
11/06/2014,2.0904,2.0866
12/06/2014,2.0952,2.0914
13/06/2014,2.1096,2.1058
14/06/2014,,
15/06/2014,,
16/06/2014,2.1236,2.1198
17/06/2014,2.1414,2.1376
18/06/2014,2.1384,2.1345
19/06/2014,2.1472,2.1434
20/06/2014,2.1306,2.1268
21/06/2014,,
22/06/2014,,
23/06/2014,2.1411,2.1373
24/06/2014,2.1431,2.1392
25/06/2014,2.1351,2.1312
26/06/2014,2.1423,2.1384
27/06/2014,2.133,2.1292
28/06/2014,,
29/06/2014,,
30/06/2014,2.1272,2.1234
01/07/2014,2.1264,2.1226
02/07/2014,2.1232,2.1194
03/07/2014,2.1312,2.1273
04/07/2014,2.1352,2.1314
05/07/2014,,
06/07/2014,,
07/07/2014,2.132,2.1282
08/07/2014,2.1354,2.1316
09/07/2014,2.129,2.1252
10/07/2014,2.1275,2.1237
11/07/2014,2.1271,2.1232
12/07/2014,,
13/07/2014,,
14/07/2014,2.126,2.1221
15/07/2014,2.1216,2.1177
16/07/2014,2.1238,2.12
17/07/2014,2.1267,2.1228
18/07/2014,2.1259,2.1221
19/07/2014,,
20/07/2014,,
21/07/2014,2.1304,2.1266
22/07/2014,2.1213,2.1175
23/07/2014,2.1217,2.1179
24/07/2014,2.0958,2.092
25/07/2014,2.094,2.0903
26/07/2014,,
27/07/2014,,
28/07/2014,,
29/07/2014,,
30/07/2014,,
31/07/2014,2.0956,2.0919
01/08/2014,2.1371,2.1333
02/08/2014,,
03/08/2014,,
04/08/2014,2.1485,2.1446
05/08/2014,2.1351,2.1313
06/08/2014,2.1302,2.1263
07/08/2014,2.1658,2.1619
08/08/2014,2.1625,2.1586
09/08/2014,,
10/08/2014,,
11/08/2014,2.1722,2.1683
12/08/2014,2.1528,2.1489
13/08/2014,2.1651,2.1612
14/08/2014,2.1627,2.1588
15/08/2014,2.1596,2.1557
16/08/2014,,
17/08/2014,,
18/08/2014,2.16,2.1561
19/08/2014,2.172,2.1681
20/08/2014,2.1671,2.1632
21/08/2014,2.1719,2.168
22/08/2014,2.1803,2.1764
23/08/2014,,
24/08/2014,,
25/08/2014,2.1806,2.1767
26/08/2014,2.1815,2.1776
27/08/2014,2.1726,2.1687
28/08/2014,2.162,2.1581
29/08/2014,2.1658,2.1619
30/08/2014,,
31/08/2014,,
01/09/2014,2.1623,2.1584
02/09/2014,2.1644,2.1605
03/09/2014,2.1712,2.1673
04/09/2014,2.1656,2.1617
05/09/2014,2.1603,2.1564
06/09/2014,,
07/09/2014,,
08/09/2014,2.1674,2.1635
09/09/2014,2.1666,2.1627
10/09/2014,2.194,2.1901
11/09/2014,2.2062,2.2022
12/09/2014,2.1963,2.1924
13/09/2014,,
14/09/2014,,
15/09/2014,2.2054,2.2014
16/09/2014,2.2184,2.2144
17/09/2014,2.2132,2.2092
18/09/2014,2.2098,2.2058
19/09/2014,2.2263,2.2223
20/09/2014,,
21/09/2014,,
22/09/2014,2.2272,2.2232
23/09/2014,2.244,2.24
24/09/2014,2.236,2.2319
25/09/2014,2.2366,2.2325
26/09/2014,2.2523,2.2482
27/09/2014,,
28/09/2014,,
29/09/2014,2.2598,2.2557
30/09/2014,2.283,2.2789
01/10/2014,2.2813,2.2772
02/10/2014,2.2871,2.2829
03/10/2014,2.2771,2.273
04/10/2014,,
05/10/2014,,
06/10/2014,,
07/10/2014,,
08/10/2014,2.2771,2.273
09/10/2014,2.2921,2.288
10/10/2014,2.2614,2.2573
11/10/2014,,
12/10/2014,,
13/10/2014,2.283,2.2789
14/10/2014,2.2742,2.2701
15/10/2014,2.2824,2.2783
16/10/2014,2.2737,2.2696
17/10/2014,2.277,2.2729
18/10/2014,,
19/10/2014,,
20/10/2014,2.255,2.2509
21/10/2014,2.2492,2.2452
22/10/2014,2.2436,2.2396
23/10/2014,2.2484,2.2444
24/10/2014,2.2426,2.2386
25/10/2014,,
26/10/2014,,
27/10/2014,2.2418,2.2378
28/10/2014,2.2398,2.2357
29/10/2014,,
30/10/2014,2.2398,2.2357
31/10/2014,2.2211,2.2171
01/11/2014,,
02/11/2014,,
03/11/2014,2.2067,2.2027
04/11/2014,2.229,2.225
05/11/2014,2.2276,2.2236
06/11/2014,2.2389,2.2349
07/11/2014,2.2427,2.2387
08/11/2014,,
09/11/2014,,
10/11/2014,2.2748,2.2707
11/11/2014,2.2509,2.2469
12/11/2014,2.2676,2.2636
13/11/2014,2.2621,2.258
14/11/2014,2.2491,2.245
15/11/2014,,
16/11/2014,,
17/11/2014,2.246,2.2419
18/11/2014,2.2325,2.2285
19/11/2014,2.2245,2.2205
20/11/2014,2.2315,2.2275
21/11/2014,2.2357,2.2317
22/11/2014,,
23/11/2014,,
24/11/2014,2.2258,2.2218
25/11/2014,2.23,2.226
26/11/2014,2.2322,2.2282
27/11/2014,2.2255,2.2214
28/11/2014,2.2189,2.2149
29/11/2014,,
30/11/2014,,
01/12/2014,2.2141,2.2102
02/12/2014,2.2241,2.2201
03/12/2014,2.2236,2.2196
04/12/2014,2.2393,2.2353
05/12/2014,2.2403,2.2363
06/12/2014,,
07/12/2014,,
08/12/2014,2.2398,2.2358
09/12/2014,2.2768,2.2727
10/12/2014,2.2632,2.2591
11/12/2014,2.2645,2.2605
12/12/2014,2.264,2.2599
13/12/2014,,
14/12/2014,,
15/12/2014,2.2823,2.2782
16/12/2014,2.3226,2.3184
17/12/2014,2.3714,2.3671
18/12/2014,2.3696,2.3653
19/12/2014,2.3272,2.323
20/12/2014,,
21/12/2014,,
22/12/2014,2.3263,2.3221
23/12/2014,2.3212,2.317
24/12/2014,2.3206,2.3165
25/12/2014,2.3251,2.3209
26/12/2014,2.3219,2.3177
27/12/2014,,
28/12/2014,,
29/12/2014,2.3224,2.3182
30/12/2014,2.3277,2.3235
31/12/2014,2.323,2.3189
01/01/2015,,
02/01/2015,2.3311,2.3269
03/01/2015,,
04/01/2015,,
05/01/2015,2.3491,2.3449
06/01/2015,2.3453,2.3411
07/01/2015,2.3319,2.3277
08/01/2015,2.3297,2.3255
09/01/2015,2.3118,2.3076
10/01/2015,,
11/01/2015,,
12/01/2015,2.3047,2.3005
13/01/2015,2.2932,2.2891
14/01/2015,2.2819,2.2778
15/01/2015,2.2968,2.2927
16/01/2015,2.2844,2.2803
17/01/2015,,
18/01/2015,,
19/01/2015,2.3125,2.3084
20/01/2015,2.3424,2.3382
21/01/2015,2.34,2.3358
22/01/2015,2.3435,2.3393
23/01/2015,2.3507,2.3465
24/01/2015,,
25/01/2015,,
26/01/2015,2.3379,2.3337
27/01/2015,2.3639,2.3597
28/01/2015,2.3604,2.3561
29/01/2015,2.3664,2.3621
30/01/2015,2.4057,2.4013
31/01/2015,,
01/02/2015,,
02/02/2015,2.4219,2.4176
03/02/2015,2.428,2.4236
04/02/2015,2.4194,2.415
05/02/2015,2.4141,2.4098
06/02/2015,2.4485,2.4441
07/02/2015,,
08/02/2015,,
09/02/2015,2.4386,2.4342
10/02/2015,2.4901,2.4857
11/02/2015,2.4841,2.4796
12/02/2015,2.4941,2.4896
13/02/2015,2.493,2.4886
14/02/2015,,
15/02/2015,,
16/02/2015,2.4722,2.4677
17/02/2015,2.4569,2.4525
18/02/2015,2.4526,2.4482
19/02/2015,2.4656,2.4612
20/02/2015,2.4462,2.4418
21/02/2015,,
22/02/2015,,
23/02/2015,2.4575,2.4531
24/02/2015,2.4817,2.4772
25/02/2015,2.481,2.4766
26/02/2015,2.4642,2.4598
27/02/2015,2.4831,2.4786
28/02/2015,,
01/03/2015,,
02/03/2015,2.5123,2.5077
03/03/2015,2.5165,2.5119
04/03/2015,2.5232,2.5187
05/03/2015,2.5455,2.5409
06/03/2015,2.5862,2.5816
07/03/2015,,
08/03/2015,,
09/03/2015,2.6027,2.598
10/03/2015,2.6094,2.6047
11/03/2015,2.6318,2.627
12/03/2015,2.6238,2.6191
13/03/2015,2.5936,2.5889
14/03/2015,,
15/03/2015,,
16/03/2015,2.6177,2.613
17/03/2015,2.6255,2.6208
18/03/2015,2.6197,2.615
19/03/2015,2.6225,2.6178
20/03/2015,2.5972,2.5926
21/03/2015,,
22/03/2015,,
23/03/2015,2.5985,2.5938
24/03/2015,2.5745,2.5699
25/03/2015,2.5551,2.5505
26/03/2015,2.5601,2.5555
27/03/2015,2.6009,2.5962
28/03/2015,,
29/03/2015,,
30/03/2015,2.6154,2.6107
31/03/2015,2.6149,2.6102
01/04/2015,2.6181,2.6134
02/04/2015,2.6055,2.6008
03/04/2015,2.5985,2.5938
04/04/2015,,
05/04/2015,,
06/04/2015,2.5952,2.5905
07/04/2015,2.572,2.5674
08/04/2015,2.5835,2.5789
09/04/2015,2.5924,2.5877
10/04/2015,2.5988,2.5941
11/04/2015,,
12/04/2015,,
13/04/2015,2.6291,2.6243
14/04/2015,2.6511,2.6464
15/04/2015,2.6773,2.6725
16/04/2015,2.7014,2.6965
17/04/2015,2.7018,2.6969
18/04/2015,,
19/04/2015,,
20/04/2015,2.6869,2.6821
21/04/2015,2.6956,2.6907
22/04/2015,2.704,2.6991
23/04/2015,,
24/04/2015,2.6928,2.6879
25/04/2015,,
26/04/2015,,
27/04/2015,2.7269,2.722
28/04/2015,2.7293,2.7243
29/04/2015,2.6821,2.6773
30/04/2015,2.6692,2.6644
01/05/2015,,
02/05/2015,,
03/05/2015,,
04/05/2015,2.6607,2.6559
05/05/2015,2.7158,2.7109
06/05/2015,2.7144,2.7095
07/05/2015,2.7121,2.7072
08/05/2015,2.7049,2.7
09/05/2015,,
10/05/2015,,
11/05/2015,2.6908,2.686
12/05/2015,2.6998,2.6949
13/05/2015,2.6938,2.689
14/05/2015,2.6579,2.6531
15/05/2015,2.62,2.6153
16/05/2015,,
17/05/2015,,
18/05/2015,2.5918,2.5871
19/05/2015,,
20/05/2015,2.5828,2.5781
21/05/2015,2.6065,2.6018
22/05/2015,2.5715,2.5669
23/05/2015,,
24/05/2015,,
25/05/2015,2.5959,2.5912
26/05/2015,2.611,2.6063
27/05/2015,2.6325,2.6278
28/05/2015,2.647,2.6423
29/05/2015,2.6581,2.6533
30/05/2015,,
31/05/2015,,
01/06/2015,2.6635,2.6587
02/06/2015,2.6811,2.6762
03/06/2015,2.683,2.6782
04/06/2015,2.6861,2.6813
05/06/2015,2.6979,2.6931
06/06/2015,,
07/06/2015,,
08/06/2015,2.6684,2.6636
09/06/2015,2.7744,2.7694
10/06/2015,2.7526,2.7477
11/06/2015,2.7405,2.7356
12/06/2015,2.7437,2.7388
13/06/2015,,
14/06/2015,,
15/06/2015,2.7183,2.7134
16/06/2015,2.7373,2.7324
17/06/2015,2.7457,2.7408
18/06/2015,2.7393,2.7344
19/06/2015,2.717,2.7121
20/06/2015,,
21/06/2015,,
22/06/2015,2.7193,2.7144
23/06/2015,2.6835,2.6786
24/06/2015,2.6758,2.671
25/06/2015,2.6818,2.677
26/06/2015,2.6686,2.6638
27/06/2015,,
28/06/2015,,
29/06/2015,2.6635,2.6587
30/06/2015,2.6911,2.6863
01/07/2015,2.6898,2.685
02/07/2015,2.6801,2.6753
03/07/2015,2.7041,2.6992
04/07/2015,,
05/07/2015,,
06/07/2015,2.6924,2.6876
07/07/2015,2.6948,2.6899
08/07/2015,2.684,2.6792
09/07/2015,2.6942,2.6894
10/07/2015,2.6799,2.6751
11/07/2015,,
12/07/2015,,
13/07/2015,2.6655,2.6607
14/07/2015,2.6604,2.6556
15/07/2015,2.6411,2.6363
16/07/2015,2.6423,2.6376
17/07/2015,,
18/07/2015,,
19/07/2015,,
20/07/2015,2.6423,2.6376
21/07/2015,2.6805,2.6757
22/07/2015,2.6917,2.6869
23/07/2015,2.7089,2.704
24/07/2015,2.7243,2.7194
25/07/2015,,
26/07/2015,,
27/07/2015,2.7421,2.7371
28/07/2015,2.7617,2.7567
29/07/2015,2.76,2.7551
30/07/2015,2.7684,2.7634
31/07/2015,2.7795,2.7745
01/08/2015,,
02/08/2015,,
03/08/2015,2.7889,2.7839
04/08/2015,2.7786,2.7736
05/08/2015,2.7738,2.7688
06/08/2015,2.7897,2.7847
07/08/2015,2.788,2.783
08/08/2015,,
09/08/2015,,
10/08/2015,2.784,2.779
11/08/2015,2.791,2.7859
12/08/2015,2.7723,2.7674
13/08/2015,2.7825,2.7775
14/08/2015,2.788,2.783
15/08/2015,,
16/08/2015,,
17/08/2015,2.8367,2.8316
18/08/2015,2.8535,2.8484
19/08/2015,2.8782,2.873
20/08/2015,2.9061,2.9009
21/08/2015,2.973,2.9677
22/08/2015,,
23/08/2015,,
24/08/2015,2.9209,2.9156
25/08/2015,2.953,2.9477
26/08/2015,2.931,2.9258
27/08/2015,2.94,2.9347
28/08/2015,2.9152,2.9099
29/08/2015,,
30/08/2015,,
31/08/2015,2.9199,2.9146
01/09/2015,2.9231,2.9179
02/09/2015,2.92,2.9147
03/09/2015,2.9453,2.94
04/09/2015,2.9614,2.9561
05/09/2015,,
06/09/2015,,
07/09/2015,2.9828,2.9774
08/09/2015,3.034,3.0285
09/09/2015,3.0199,3.0145
10/09/2015,3.0094,3.0039
11/09/2015,3.0457,3.0402
12/09/2015,,
13/09/2015,,
14/09/2015,3.0396,3.0341
15/09/2015,3.0654,3.0599
16/09/2015,3.0489,3.0435
17/09/2015,3.0173,3.0119
18/09/2015,3.0197,3.0143
19/09/2015,,
20/09/2015,,
21/09/2015,3.0015,2.9961
22/09/2015,3.0032,2.9978
23/09/2015,3.0123,3.0069
24/09/2015,,
25/09/2015,,
26/09/2015,,
27/09/2015,,
28/09/2015,3.0123,3.0069
29/09/2015,3.0518,3.0464
30/09/2015,3.0488,3.0433
01/10/2015,3.0306,3.0251
02/10/2015,3.0228,3.0174
03/10/2015,,
04/10/2015,,
05/10/2015,3.0291,3.0236
06/10/2015,2.9978,2.9924
07/10/2015,2.9933,2.9879
08/10/2015,2.9433,2.938
09/10/2015,2.941,2.9357
10/10/2015,,
11/10/2015,,
12/10/2015,2.9013,2.896
13/10/2015,2.9286,2.9233
14/10/2015,2.9474,2.9421
15/10/2015,2.9469,2.9416
16/10/2015,2.8892,2.884
17/10/2015,,
18/10/2015,,
19/10/2015,2.8978,2.8926
20/10/2015,2.8933,2.8881
21/10/2015,2.9006,2.8954
22/10/2015,2.9079,2.9027
23/10/2015,2.8942,2.889
24/10/2015,,
25/10/2015,,
26/10/2015,2.8718,2.8667
27/10/2015,2.8961,2.8909
28/10/2015,2.8995,2.8943
29/10/2015,,
30/10/2015,2.8995,2.8943
31/10/2015,,
01/11/2015,,
02/11/2015,2.9202,2.9149
03/11/2015,2.8085,2.8035
04/11/2015,2.8336,2.8285
05/11/2015,2.8413,2.8362
06/11/2015,2.8731,2.8679
07/11/2015,,
08/11/2015,,
09/11/2015,2.8776,2.8724
10/11/2015,2.9244,2.9192
11/11/2015,2.9157,2.9104
12/11/2015,2.8963,2.8911
13/11/2015,2.882,2.8768
14/11/2015,,
15/11/2015,,
16/11/2015,2.8738,2.8686
17/11/2015,2.8827,2.8775
18/11/2015,2.8771,2.8719
19/11/2015,2.87,2.8648
20/11/2015,2.8543,2.8491
21/11/2015,,
22/11/2015,,
23/11/2015,2.8354,2.8303
24/11/2015,2.8484,2.8433
25/11/2015,2.8741,2.8689
26/11/2015,2.8865,2.8813
27/11/2015,2.9061,2.9009
28/11/2015,,
29/11/2015,,
30/11/2015,2.9248,2.9195
01/12/2015,2.9161,2.9109
02/12/2015,2.8975,2.8923
03/12/2015,2.8823,2.8771
04/12/2015,2.8866,2.8814
05/12/2015,,
06/12/2015,,
07/12/2015,2.8973,2.8921
08/12/2015,2.8949,2.8897
09/12/2015,2.9175,2.9123
10/12/2015,2.9159,2.9107
11/12/2015,2.9151,2.9099
12/12/2015,,
13/12/2015,,
14/12/2015,2.9509,2.9456
15/12/2015,2.972,2.9667
16/12/2015,2.9755,2.9701
17/12/2015,2.9684,2.9631
18/12/2015,2.9364,2.9311
19/12/2015,,
20/12/2015,,
21/12/2015,2.9282,2.9229
22/12/2015,2.9121,2.9068
23/12/2015,2.93,2.9248
24/12/2015,2.9314,2.9262
25/12/2015,2.924,2.9187
26/12/2015,,
27/12/2015,,
28/12/2015,2.9175,2.9123
29/12/2015,2.9209,2.9157
30/12/2015,2.9137,2.9084
31/12/2015,2.9128,2.9076
01/01/2016,,
02/01/2016,,
03/01/2016,,
04/01/2016,2.9233,2.9181
05/01/2016,2.9475,2.9422
06/01/2016,2.9803,2.975
07/01/2016,3.0094,3.004
08/01/2016,3.0221,3.0167
09/01/2016,,
10/01/2016,,
11/01/2016,2.993,2.9876
12/01/2016,3.0243,3.0188
13/01/2016,3.0377,3.0322
14/01/2016,3.0193,3.0138
15/01/2016,3.0328,3.0273
16/01/2016,,
17/01/2016,,
18/01/2016,3.0416,3.0362
19/01/2016,3.0422,3.0367
20/01/2016,3.0297,3.0243
21/01/2016,3.0551,3.0496
22/01/2016,3.0441,3.0387
23/01/2016,,
24/01/2016,,
25/01/2016,3.0161,3.0107
26/01/2016,3.0151,3.0097
27/01/2016,3.0263,3.0208
28/01/2016,3.0032,2.9978
29/01/2016,2.9842,2.9788
30/01/2016,,
31/01/2016,,
01/02/2016,2.9662,2.9609
02/02/2016,2.9725,2.9671
03/02/2016,2.9577,2.9524
04/02/2016,2.9531,2.9478
05/02/2016,2.9096,2.9044
06/02/2016,,
07/02/2016,,
08/02/2016,2.9104,2.9051
09/02/2016,2.9348,2.9295
10/02/2016,2.9524,2.9471
11/02/2016,2.9292,2.9239
12/02/2016,2.934,2.9287
13/02/2016,,
14/02/2016,,
15/02/2016,2.9281,2.9228
16/02/2016,2.9494,2.9441
17/02/2016,2.957,2.9517
18/02/2016,2.9693,2.9639
19/02/2016,2.9659,2.9606
20/02/2016,,
21/02/2016,,
22/02/2016,2.9711,2.9658
23/02/2016,2.9502,2.9449
24/02/2016,2.941,2.9358
25/02/2016,2.9439,2.9386
26/02/2016,2.9348,2.9295
27/02/2016,,
28/02/2016,,
29/02/2016,2.9345,2.9293
01/03/2016,2.9665,2.9612
02/03/2016,2.9504,2.9451
03/03/2016,2.9425,2.9372
04/03/2016,2.9267,2.9215
05/03/2016,,
06/03/2016,,
07/03/2016,2.9199,2.9147
08/03/2016,2.9253,2.9201
09/03/2016,2.9254,2.9201
10/03/2016,2.9133,2.9081
11/03/2016,2.8927,2.8875
12/03/2016,,
13/03/2016,,
14/03/2016,2.8786,2.8734
15/03/2016,2.8848,2.8796
16/03/2016,2.8904,2.8852
17/03/2016,2.9137,2.9084
18/03/2016,2.8609,2.8558
19/03/2016,,
20/03/2016,,
21/03/2016,2.8605,2.8554
22/03/2016,2.8747,2.8695
23/03/2016,2.8775,2.8723
24/03/2016,2.8745,2.8693
25/03/2016,2.8841,2.8789
26/03/2016,,
27/03/2016,,
28/03/2016,2.8757,2.8705
29/03/2016,2.8784,2.8733
30/03/2016,2.8747,2.8695
31/03/2016,2.8385,2.8334
01/04/2016,2.83,2.8249
02/04/2016,,
03/04/2016,,
04/04/2016,2.8248,2.8197
05/04/2016,2.824,2.8189
06/04/2016,2.8328,2.8277
07/04/2016,2.8463,2.8412
08/04/2016,2.8479,2.8428
09/04/2016,,
10/04/2016,,
11/04/2016,2.862,2.8569
12/04/2016,2.8389,2.8338
13/04/2016,2.8321,2.827
14/04/2016,2.8534,2.8482
15/04/2016,2.8642,2.8591
16/04/2016,,
17/04/2016,,
18/04/2016,2.8597,2.8545
19/04/2016,2.857,2.8519
20/04/2016,2.838,2.8329
21/04/2016,2.8327,2.8276
22/04/2016,2.826,2.821
23/04/2016,,
24/04/2016,,
25/04/2016,2.8338,2.8287
26/04/2016,2.8509,2.8457
27/04/2016,2.8397,2.8345
28/04/2016,2.8226,2.8175
29/04/2016,2.82,2.815
30/04/2016,,
01/05/2016,,
02/05/2016,2.8064,2.8014
03/05/2016,2.7978,2.7928
04/05/2016,2.8116,2.8065
05/05/2016,2.8642,2.859
06/05/2016,2.9254,2.9201
07/05/2016,,
08/05/2016,,
09/05/2016,2.9249,2.9197
10/05/2016,2.9281,2.9229
11/05/2016,2.9433,2.938
12/05/2016,2.9676,2.9623
13/05/2016,2.9542,2.9489
14/05/2016,,
15/05/2016,,
16/05/2016,2.964,2.9587
17/05/2016,2.9765,2.9711
18/05/2016,2.9698,2.9645
19/05/2016,,
20/05/2016,2.983,2.9777
21/05/2016,,
22/05/2016,,
23/05/2016,2.9821,2.9768
24/05/2016,2.988,2.9826
25/05/2016,2.9875,2.9821
26/05/2016,2.9479,2.9426
27/05/2016,2.9402,2.9349
28/05/2016,,
29/05/2016,,
30/05/2016,2.9452,2.9399
31/05/2016,2.9613,2.956
01/06/2016,2.9568,2.9515
02/06/2016,2.9543,2.9489
03/06/2016,2.9446,2.9393
04/06/2016,,
05/06/2016,,
06/06/2016,2.9515,2.9462
07/06/2016,2.9132,2.908
08/06/2016,2.903,2.8978
09/06/2016,2.8946,2.8894
10/06/2016,2.8993,2.8941
11/06/2016,,
12/06/2016,,
13/06/2016,2.9152,2.91
14/06/2016,2.9271,2.9219
15/06/2016,2.9357,2.9304
16/06/2016,2.9322,2.9269
17/06/2016,2.9349,2.9296
18/06/2016,,
19/06/2016,,
20/06/2016,2.9353,2.93
21/06/2016,2.9037,2.8984
22/06/2016,2.9015,2.8962
23/06/2016,2.9107,2.9055
24/06/2016,2.8851,2.8799
25/06/2016,,
26/06/2016,,
27/06/2016,2.9318,2.9266
28/06/2016,2.9417,2.9365
29/06/2016,2.9182,2.913
30/06/2016,2.8988,2.8936
01/07/2016,2.89,2.8848
02/07/2016,,
03/07/2016,,
04/07/2016,2.8898,2.8846
05/07/2016,,
06/07/2016,,
07/07/2016,,
08/07/2016,2.8898,2.8846
09/07/2016,,
10/07/2016,,
11/07/2016,2.9266,2.9214
12/07/2016,2.9033,2.8981
13/07/2016,2.8937,2.8885
14/07/2016,2.8999,2.8947
15/07/2016,2.8965,2.8913
16/07/2016,,
17/07/2016,,
18/07/2016,2.8886,2.8834
19/07/2016,2.9539,2.9485
20/07/2016,2.982,2.9766
21/07/2016,3.0336,3.0281
22/07/2016,3.0783,3.0727
23/07/2016,,
24/07/2016,,
25/07/2016,3.0628,3.0573
26/07/2016,3.0371,3.0317
27/07/2016,3.0407,3.0353
28/07/2016,3.0431,3.0377
29/07/2016,3.0221,3.0167
30/07/2016,,
31/07/2016,,
01/08/2016,3.018,3.0125
02/08/2016,2.985,2.9797
03/08/2016,2.998,2.9926
04/08/2016,3.0129,3.0075
05/08/2016,3.0267,3.0213
06/08/2016,,
07/08/2016,,
08/08/2016,3.005,2.9996
09/08/2016,2.9899,2.9846
10/08/2016,2.9835,2.9781
11/08/2016,2.9606,2.9553
12/08/2016,2.9675,2.9621
13/08/2016,,
14/08/2016,,
15/08/2016,2.9611,2.9558
16/08/2016,2.9563,2.951
17/08/2016,2.935,2.9297
18/08/2016,2.9392,2.9339
19/08/2016,2.9283,2.923
20/08/2016,,
21/08/2016,,
22/08/2016,2.9408,2.9355
23/08/2016,2.9497,2.9444
24/08/2016,2.9412,2.9359
25/08/2016,2.9587,2.9533
26/08/2016,2.9443,2.939
27/08/2016,,
28/08/2016,,
29/08/2016,2.9389,2.9337
30/08/2016,,
31/08/2016,2.9598,2.9545
01/09/2016,2.9597,2.9544
02/09/2016,2.9611,2.9558
03/09/2016,,
04/09/2016,,
05/09/2016,2.9639,2.9586
06/09/2016,2.9494,2.9441
07/09/2016,2.9442,2.9389
08/09/2016,2.9339,2.9286
09/09/2016,2.9397,2.9344
10/09/2016,,
11/09/2016,,
12/09/2016,,
13/09/2016,,
14/09/2016,,
15/09/2016,,
16/09/2016,2.9605,2.9552
17/09/2016,,
18/09/2016,,
19/09/2016,2.9731,2.9678
20/09/2016,2.9793,2.974
21/09/2016,2.9794,2.9741
22/09/2016,2.9792,2.9739
23/09/2016,2.9521,2.9468
24/09/2016,,
25/09/2016,,
26/09/2016,2.9527,2.9474
27/09/2016,2.99,2.9846
28/09/2016,2.9763,2.9709
29/09/2016,2.9818,2.9764
30/09/2016,3.0013,2.9959
01/10/2016,,
02/10/2016,,
03/10/2016,3.0058,3.0004
04/10/2016,3.009,3.0036
05/10/2016,3.0348,3.0293
06/10/2016,3.0592,3.0537
07/10/2016,3.0561,3.0506
08/10/2016,,
09/10/2016,,
10/10/2016,3.056,3.0505
11/10/2016,3.064,3.0585
12/10/2016,3.0864,3.0808
13/10/2016,3.0861,3.0805
14/10/2016,3.1023,3.0967
15/10/2016,,
16/10/2016,,
17/10/2016,3.0922,3.0866
18/10/2016,3.1013,3.0957
19/10/2016,3.0984,3.0928
20/10/2016,3.0841,3.0785
21/10/2016,3.0731,3.0675
22/10/2016,,
23/10/2016,,
24/10/2016,3.0791,3.0736
25/10/2016,3.078,3.0724
26/10/2016,3.0835,3.0779
27/10/2016,3.0831,3.0776
28/10/2016,3.1054,3.0998
29/10/2016,,
30/10/2016,,
31/10/2016,3.1054,3.0998
01/11/2016,3.108,3.1024
02/11/2016,3.1037,3.0981
03/11/2016,3.1173,3.1117
04/11/2016,3.1181,3.1125
05/11/2016,,
06/11/2016,,
07/11/2016,3.1405,3.1348
08/11/2016,3.1589,3.1532
09/11/2016,3.1793,3.1736
10/11/2016,3.1922,3.1865
11/11/2016,3.2105,3.2048
12/11/2016,,
13/11/2016,,
14/11/2016,3.2646,3.2588
15/11/2016,3.2846,3.2787
16/11/2016,3.2772,3.2713
17/11/2016,3.3115,3.3055
18/11/2016,3.3164,3.3105
19/11/2016,,
20/11/2016,,
21/11/2016,3.3896,3.3835
22/11/2016,3.3803,3.3743
23/11/2016,3.3644,3.3584
24/11/2016,3.3885,3.3824
25/11/2016,3.4108,3.4047
26/11/2016,,
27/11/2016,,
28/11/2016,3.4465,3.4403
29/11/2016,3.4241,3.418
30/11/2016,3.4261,3.4199
01/12/2016,3.4236,3.4174
02/12/2016,3.4546,3.4483
03/12/2016,,
04/12/2016,,
05/12/2016,3.513,3.5067
06/12/2016,3.5408,3.5344
07/12/2016,3.5165,3.5102
08/12/2016,3.4369,3.4307
09/12/2016,3.373,3.3669
10/12/2016,,
11/12/2016,,
12/12/2016,3.4586,3.4524
13/12/2016,3.5236,3.5172
14/12/2016,3.4784,3.4721
15/12/2016,3.4848,3.4786
16/12/2016,3.522,3.5157
17/12/2016,,
18/12/2016,,
19/12/2016,3.5003,3.494
20/12/2016,3.501,3.4947
21/12/2016,3.518,3.5116
22/12/2016,3.5163,3.51
23/12/2016,3.5118,3.5055
24/12/2016,,
25/12/2016,,
26/12/2016,3.514,3.5077
27/12/2016,3.5104,3.5041
28/12/2016,3.5198,3.5135
29/12/2016,3.5393,3.5329
30/12/2016,3.5382,3.5318
31/12/2016,,
01/01/2017,,
02/01/2017,3.5255,3.5192
03/01/2017,3.5402,3.5338
04/01/2017,3.5802,3.5737
05/01/2017,3.5829,3.5764
06/01/2017,3.5999,3.5934
07/01/2017,,
08/01/2017,,
09/01/2017,3.6199,3.6134
10/01/2017,3.7087,3.702
11/01/2017,3.7688,3.762
12/01/2017,3.8571,3.8501
13/01/2017,3.8499,3.843
14/01/2017,,
15/01/2017,,
16/01/2017,3.8062,3.7994
17/01/2017,3.7684,3.7616
18/01/2017,3.7894,3.7826
19/01/2017,3.784,3.7772
20/01/2017,3.8009,3.7941
21/01/2017,,
22/01/2017,,
23/01/2017,3.8244,3.8176
24/01/2017,3.7746,3.7678
25/01/2017,3.759,3.7523
26/01/2017,3.8102,3.8034
27/01/2017,3.8412,3.8342
28/01/2017,,
29/01/2017,,
30/01/2017,3.8848,3.8779
31/01/2017,3.8393,3.8324
01/02/2017,3.7942,3.7874
02/02/2017,3.7814,3.7746
03/02/2017,3.7404,3.7336
04/02/2017,,
05/02/2017,,
06/02/2017,3.7489,3.7421
07/02/2017,3.6851,3.6784
08/02/2017,3.7162,3.7095
09/02/2017,3.7478,3.741
10/02/2017,3.7114,3.7047
11/02/2017,,
12/02/2017,,
13/02/2017,3.6815,3.6749
14/02/2017,3.6935,3.6869
15/02/2017,3.656,3.6494
16/02/2017,3.6528,3.6462
17/02/2017,3.677,3.6704
18/02/2017,,
19/02/2017,,
20/02/2017,3.6728,3.6662
21/02/2017,3.6277,3.6211
22/02/2017,3.6251,3.6186
23/02/2017,3.6169,3.6104
24/02/2017,3.5811,3.5747
25/02/2017,,
26/02/2017,,
27/02/2017,3.5753,3.5689
28/02/2017,3.5946,3.5882
01/03/2017,3.6143,3.6078
02/03/2017,3.6378,3.6313
03/03/2017,3.6882,3.6816
04/03/2017,,
05/03/2017,,
06/03/2017,3.7282,3.7215
07/03/2017,3.7181,3.7114
08/03/2017,3.6908,3.6842
09/03/2017,3.7097,3.703
10/03/2017,3.7589,3.7522
11/03/2017,,
12/03/2017,,
13/03/2017,3.7532,3.7464
14/03/2017,3.7462,3.7394
15/03/2017,3.7526,3.7458
16/03/2017,3.7356,3.7289
17/03/2017,3.678,3.6714
18/03/2017,,
19/03/2017,,
20/03/2017,3.6123,3.6058
21/03/2017,3.6326,3.6261
22/03/2017,3.617,3.6105
23/03/2017,3.6322,3.6256
24/03/2017,3.6199,3.6134
25/03/2017,,
26/03/2017,,
27/03/2017,3.625,3.6185
28/03/2017,3.5996,3.5931
29/03/2017,3.6251,3.6186
30/03/2017,3.6481,3.6416
31/03/2017,3.6452,3.6386
01/04/2017,,
02/04/2017,,
03/04/2017,3.6427,3.6362
04/04/2017,3.6441,3.6375
05/04/2017,3.6496,3.643
06/04/2017,3.6834,3.6768
07/04/2017,3.7148,3.7081
08/04/2017,,
09/04/2017,,
10/04/2017,3.7275,3.7208
11/04/2017,3.733,3.7263
12/04/2017,3.722,3.7153
13/04/2017,3.6825,3.6759
14/04/2017,3.6631,3.6565
15/04/2017,,
16/04/2017,,
17/04/2017,3.6867,3.6801
18/04/2017,3.6646,3.6581
19/04/2017,3.6904,3.6838
20/04/2017,3.6689,3.6623
21/04/2017,3.6445,3.638
22/04/2017,,
23/04/2017,,
24/04/2017,3.6457,3.6392
25/04/2017,3.599,3.5926
26/04/2017,3.5893,3.5829
27/04/2017,3.5915,3.585
28/04/2017,3.5647,3.5583
29/04/2017,,
30/04/2017,,
01/05/2017,,
02/05/2017,3.5568,3.5504
03/05/2017,3.5411,3.5348
04/05/2017,3.538,3.5317
05/05/2017,3.5492,3.5429
06/05/2017,,
07/05/2017,,
08/05/2017,3.566,3.5596
09/05/2017,3.554,3.5476
10/05/2017,3.5993,3.5928
11/05/2017,3.6048,3.5983
12/05/2017,3.5801,3.5736
13/05/2017,,
14/05/2017,,
15/05/2017,3.5925,3.5861
16/05/2017,3.5625,3.5561
17/05/2017,3.5519,3.5455
18/05/2017,3.5611,3.5547
19/05/2017,,
20/05/2017,,
21/05/2017,,
22/05/2017,3.6193,3.6128
23/05/2017,3.5676,3.5612
24/05/2017,3.572,3.5656
25/05/2017,3.5709,3.5645
26/05/2017,3.565,3.5586
27/05/2017,,
28/05/2017,,
29/05/2017,3.5715,3.5651
30/05/2017,3.5814,3.575
31/05/2017,3.5707,3.5642
01/06/2017,3.5398,3.5334
02/06/2017,3.5376,3.5312
03/06/2017,,
04/06/2017,,
05/06/2017,3.5344,3.528
06/06/2017,3.5123,3.506
07/06/2017,3.538,3.5317
08/06/2017,3.5236,3.5173
09/06/2017,3.5476,3.5412
10/06/2017,,
11/06/2017,,
12/06/2017,3.5281,3.5217
13/06/2017,3.5254,3.519
14/06/2017,3.5232,3.5169
15/06/2017,3.5199,3.5136
16/06/2017,3.5093,3.5029
17/06/2017,,
18/06/2017,,
19/06/2017,3.5187,3.5124
20/06/2017,3.5083,3.5019
21/06/2017,3.5278,3.5215
22/06/2017,3.5413,3.5349
23/06/2017,3.5243,3.518
24/06/2017,,
25/06/2017,,
26/06/2017,,
27/06/2017,,
28/06/2017,3.5063,3.5
29/06/2017,3.5274,3.5211
30/06/2017,3.5135,3.5071
01/07/2017,,
02/07/2017,,
03/07/2017,3.5232,3.5168
04/07/2017,3.5369,3.5305
05/07/2017,3.5555,3.5492
06/07/2017,3.5853,3.5789
07/07/2017,3.6288,3.6223
08/07/2017,,
09/07/2017,,
10/07/2017,3.6365,3.63
11/07/2017,3.6105,3.604
12/07/2017,3.6375,3.631
13/07/2017,3.6091,3.6027
14/07/2017,3.5721,3.5657
15/07/2017,,
16/07/2017,,
17/07/2017,3.5671,3.5607
18/07/2017,3.5437,3.5373
19/07/2017,3.5331,3.5267
20/07/2017,3.5328,3.5264
21/07/2017,3.5368,3.5304
22/07/2017,,
23/07/2017,,
24/07/2017,3.536,3.5296
25/07/2017,3.5508,3.5444
26/07/2017,3.5642,3.5578
27/07/2017,3.5638,3.5574
28/07/2017,3.5326,3.5262
29/07/2017,,
30/07/2017,,
31/07/2017,3.5356,3.5292
01/08/2017,3.529,3.5226
02/08/2017,3.5233,3.5169
03/08/2017,3.5355,3.5292
04/08/2017,3.5439,3.5375
05/08/2017,,
06/08/2017,,
07/08/2017,3.535,3.5287
08/08/2017,3.5359,3.5295
09/08/2017,3.5338,3.5275
10/08/2017,3.5448,3.5384
11/08/2017,3.5407,3.5343
12/08/2017,,
13/08/2017,,
14/08/2017,3.5499,3.5435
15/08/2017,3.5316,3.5253
16/08/2017,3.5338,3.5275
17/08/2017,3.5352,3.5288
18/08/2017,3.5241,3.5178
19/08/2017,,
20/08/2017,,
21/08/2017,3.5276,3.5213
22/08/2017,3.5172,3.5109
23/08/2017,3.5036,3.4973
24/08/2017,3.5019,3.4956
25/08/2017,3.4844,3.4781
26/08/2017,,
27/08/2017,,
28/08/2017,3.4844,3.4782
29/08/2017,3.4508,3.4446
30/08/2017,,
31/08/2017,3.4472,3.441
01/09/2017,,
02/09/2017,,
03/09/2017,,
04/09/2017,,
05/09/2017,3.4472,3.441
06/09/2017,3.4454,3.4392
07/09/2017,3.446,3.4398
08/09/2017,3.4266,3.4204
09/09/2017,,
10/09/2017,,
11/09/2017,3.4123,3.4061
12/09/2017,3.4026,3.3965
13/09/2017,3.4326,3.4264
14/09/2017,3.4402,3.434
15/09/2017,3.4606,3.4544
16/09/2017,,
17/09/2017,,
18/09/2017,3.4384,3.4322
19/09/2017,3.4598,3.4536
20/09/2017,3.4963,3.4901
21/09/2017,3.482,3.4757
22/09/2017,3.5153,3.509
23/09/2017,,
24/09/2017,,
25/09/2017,3.4925,3.4862
26/09/2017,3.5225,3.5162
27/09/2017,3.5408,3.5344
28/09/2017,3.5721,3.5657
29/09/2017,3.5784,3.572
30/09/2017,,
01/10/2017,,
02/10/2017,3.5585,3.5521
03/10/2017,3.5822,3.5757
04/10/2017,3.5845,3.578
05/10/2017,3.5699,3.5634
06/10/2017,3.5749,3.5685
07/10/2017,,
08/10/2017,,
09/10/2017,3.6106,3.6041
10/10/2017,3.7026,3.6959
11/10/2017,3.6877,3.681
12/10/2017,3.6819,3.6753
13/10/2017,3.6514,3.6448
14/10/2017,,
15/10/2017,,
16/10/2017,3.6544,3.6479
17/10/2017,3.6467,3.6401
18/10/2017,3.6612,3.6546
19/10/2017,3.6815,3.6748
20/10/2017,3.6666,3.66
21/10/2017,,
22/10/2017,,
23/10/2017,3.6661,3.6595
24/10/2017,3.7051,3.6985
25/10/2017,3.7178,3.7111
26/10/2017,3.7376,3.7309
27/10/2017,3.7729,3.7661
28/10/2017,,
29/10/2017,,
30/10/2017,3.8243,3.8174
31/10/2017,3.7768,3.77
01/11/2017,3.7822,3.7754
02/11/2017,3.8149,3.808
03/11/2017,3.8141,3.8072
04/11/2017,,
05/11/2017,,
06/11/2017,3.8272,3.8204
07/11/2017,3.866,3.859
08/11/2017,3.8602,3.8532
09/11/2017,3.8885,3.8815
10/11/2017,3.8604,3.8535
11/11/2017,,
12/11/2017,,
13/11/2017,3.8713,3.8644
14/11/2017,3.8728,3.8659
15/11/2017,3.8734,3.8664
16/11/2017,3.8906,3.8836
17/11/2017,3.8753,3.8684
18/11/2017,,
19/11/2017,,
20/11/2017,3.8862,3.8792
21/11/2017,3.8942,3.8872
22/11/2017,3.9596,3.9525
23/11/2017,3.9665,3.9594
24/11/2017,3.9241,3.917
25/11/2017,,
26/11/2017,,
27/11/2017,3.9436,3.9365
28/11/2017,3.9356,3.9285
29/11/2017,3.9285,3.9214
30/11/2017,3.9576,3.9505
01/12/2017,3.9461,3.939
02/12/2017,,
03/12/2017,,
04/12/2017,3.9395,3.9324
05/12/2017,3.9261,3.9191
06/12/2017,3.8693,3.8624
07/12/2017,3.8597,3.8528
08/12/2017,3.8677,3.8608
09/12/2017,,
10/12/2017,,
11/12/2017,3.8616,3.8546
12/12/2017,3.8344,3.8275
13/12/2017,3.8346,3.8277
14/12/2017,3.8459,3.839
15/12/2017,3.8392,3.8323
16/12/2017,,
17/12/2017,,
18/12/2017,3.866,3.8591
19/12/2017,3.8576,3.8507
20/12/2017,3.8418,3.8349
21/12/2017,3.8411,3.8342
22/12/2017,3.8292,3.8223
23/12/2017,,
24/12/2017,,
25/12/2017,3.8182,3.8113
26/12/2017,3.8156,3.8087
27/12/2017,3.8097,3.8029
28/12/2017,3.8265,3.8197
29/12/2017,3.8173,3.8104
30/12/2017,,
31/12/2017,,
01/01/2018,,
02/01/2018,3.7787,3.7719
03/01/2018,3.7719,3.7652
04/01/2018,3.7685,3.7617
05/01/2018,3.7668,3.76
06/01/2018,,
07/01/2018,,
08/01/2018,3.7523,3.7456
09/01/2018,3.7521,3.7454
10/01/2018,3.7621,3.7554
11/01/2018,3.7912,3.7844
12/01/2018,3.7988,3.7919
13/01/2018,,
14/01/2018,,
15/01/2018,3.769,3.7622
16/01/2018,3.7661,3.7593
17/01/2018,3.8219,3.815
18/01/2018,3.8212,3.8143
19/01/2018,3.8036,3.7967
20/01/2018,,
21/01/2018,,
22/01/2018,3.7845,3.7777
23/01/2018,3.8167,3.8098
24/01/2018,3.7942,3.7874
25/01/2018,3.7625,3.7558
26/01/2018,3.7489,3.7421
27/01/2018,,
28/01/2018,,
29/01/2018,3.7438,3.7371
30/01/2018,3.7796,3.7728
31/01/2018,3.7863,3.7795
01/02/2018,3.7608,3.754
02/02/2018,3.7635,3.7567
03/02/2018,,
04/02/2018,,
05/02/2018,3.7521,3.7454
06/02/2018,3.77,3.7632
07/02/2018,3.7854,3.7786
08/02/2018,3.7782,3.7714
09/02/2018,3.8142,3.8073
10/02/2018,,
11/02/2018,,
12/02/2018,3.8188,3.8119
13/02/2018,3.8137,3.8068
14/02/2018,3.8031,3.7963
15/02/2018,3.8041,3.7973
16/02/2018,3.7789,3.7721
17/02/2018,,
18/02/2018,,
19/02/2018,3.7591,3.7523
20/02/2018,3.7599,3.7531
21/02/2018,3.7766,3.7698
22/02/2018,3.7913,3.7845
23/02/2018,3.8062,3.7994
24/02/2018,,
25/02/2018,,
26/02/2018,3.7884,3.7816
27/02/2018,3.7822,3.7754
28/02/2018,3.7901,3.7833
01/03/2018,3.8065,3.7997
02/03/2018,3.815,3.8082
03/03/2018,,
04/03/2018,,
05/03/2018,3.8106,3.8038
06/03/2018,3.823,3.8161
07/03/2018,3.8069,3.8001
08/03/2018,3.8039,3.7971
09/03/2018,3.8157,3.8089
10/03/2018,,
11/03/2018,,
12/03/2018,3.8233,3.8164
13/03/2018,3.8219,3.8151
14/03/2018,3.8629,3.856
15/03/2018,3.8667,3.8597
16/03/2018,3.8945,3.8875
17/03/2018,,
18/03/2018,,
19/03/2018,3.911,3.9039
20/03/2018,3.9433,3.9362
21/03/2018,3.9427,3.9356
22/03/2018,3.9347,3.9276
23/03/2018,3.9157,3.9087
24/03/2018,,
25/03/2018,,
26/03/2018,3.9679,3.9608
27/03/2018,3.9814,3.9742
28/03/2018,3.9829,3.9757
29/03/2018,4.0002,3.9931
30/03/2018,4.0021,3.9949
31/03/2018,,
01/04/2018,,
02/04/2018,3.956,3.9489
03/04/2018,3.9648,3.9577
04/04/2018,3.9832,3.976
05/04/2018,4.0148,4.0076
06/04/2018,4.0342,4.0269
07/04/2018,,
08/04/2018,,
09/04/2018,4.06,4.0527
10/04/2018,4.0634,4.0561
11/04/2018,4.078,4.0707
12/04/2018,4.1528,4.1453
13/04/2018,4.1358,4.1284
14/04/2018,,
15/04/2018,,
16/04/2018,4.0859,4.0785
17/04/2018,4.1034,4.096
18/04/2018,4.1054,4.098
19/04/2018,4.1038,4.0964
20/04/2018,4.0345,4.0273
21/04/2018,,
22/04/2018,,
23/04/2018,,
24/04/2018,4.0405,4.0332
25/04/2018,4.0922,4.0848
26/04/2018,4.0832,4.0758
27/04/2018,4.0742,4.0668
28/04/2018,,
29/04/2018,,
30/04/2018,4.0608,4.0535
01/05/2018,,
02/05/2018,4.0472,4.0399
03/05/2018,4.1282,4.1208
04/05/2018,4.1984,4.1908
05/05/2018,,
06/05/2018,,
07/05/2018,4.2626,4.255
08/05/2018,4.2635,4.2558
09/05/2018,4.2894,4.2817
10/05/2018,4.2955,4.2878
11/05/2018,4.2743,4.2666
12/05/2018,,
13/05/2018,,
14/05/2018,4.2648,4.2572
15/05/2018,4.3278,4.32
16/05/2018,4.4024,4.3945
17/05/2018,4.4662,4.4581
18/05/2018,4.4482,4.4402
19/05/2018,,
20/05/2018,,
21/05/2018,4.4732,4.4652
22/05/2018,4.5616,4.5534
23/05/2018,4.5863,4.5781
24/05/2018,4.8551,4.8464
25/05/2018,4.7112,4.7028
26/05/2018,,
27/05/2018,,
28/05/2018,4.7292,4.7207
29/05/2018,4.6048,4.5966
30/05/2018,4.6045,4.5962
31/05/2018,4.4914,4.4834
01/06/2018,4.4889,4.4808
02/06/2018,,
03/06/2018,,
04/06/2018,4.6005,4.5922
05/06/2018,4.6367,4.6284
06/06/2018,4.6156,4.6073
07/06/2018,4.6178,4.6095
08/06/2018,4.5571,4.5489
09/06/2018,,
10/06/2018,,
11/06/2018,4.5105,4.5024
12/06/2018,4.5217,4.5136
13/06/2018,4.5573,4.5491
14/06/2018,4.6568,4.6484
15/06/2018,,
16/06/2018,,
17/06/2018,,
18/06/2018,4.6568,4.6484
19/06/2018,4.7236,4.7151
20/06/2018,4.763,4.7545
21/06/2018,4.7573,4.7488
22/06/2018,4.7609,4.7524
23/06/2018,,
24/06/2018,,
25/06/2018,4.7162,4.7077
26/06/2018,4.648,4.6397
27/06/2018,4.6824,4.674
28/06/2018,4.6433,4.6349
29/06/2018,4.6166,4.6083
30/06/2018,,
01/07/2018,,
02/07/2018,4.569,4.5607
03/07/2018,4.6308,4.6225
04/07/2018,4.6644,4.656
05/07/2018,4.7071,4.6987
06/07/2018,4.651,4.6427
07/07/2018,,
08/07/2018,,
09/07/2018,4.6087,4.6004
10/07/2018,4.5385,4.5304
11/07/2018,4.7134,4.705
12/07/2018,4.7574,4.7488
13/07/2018,4.8263,4.8176
14/07/2018,,
15/07/2018,,
16/07/2018,4.8507,4.842
17/07/2018,4.8444,4.8357
18/07/2018,4.8452,4.8365
19/07/2018,4.7994,4.7908
20/07/2018,4.8317,4.823
21/07/2018,,
22/07/2018,,
23/07/2018,4.8086,4.8
24/07/2018,4.7624,4.7538
25/07/2018,4.7861,4.7775
26/07/2018,4.8628,4.854
27/07/2018,4.827,4.8183
28/07/2018,,
29/07/2018,,
30/07/2018,4.8655,4.8568
31/07/2018,4.8938,4.885
01/08/2018,4.9087,4.8999
02/08/2018,4.9312,4.9223
03/08/2018,5.0595,5.0504
04/08/2018,,
05/08/2018,,
06/08/2018,5.087,5.0778
07/08/2018,5.1557,5.1464
08/08/2018,5.2729,5.2634
09/08/2018,5.2908,5.2813
10/08/2018,5.4085,5.3988
11/08/2018,,
12/08/2018,,
13/08/2018,5.9496,5.9389
14/08/2018,6.8922,6.8798
15/08/2018,6.5583,6.5465
16/08/2018,6.1471,6.136
17/08/2018,5.8087,5.7982
18/08/2018,,
19/08/2018,,
20/08/2018,6.0052,5.9944
21/08/2018,,
22/08/2018,,
23/08/2018,,
24/08/2018,,
25/08/2018,,
26/08/2018,,
27/08/2018,6.0052,5.9944
28/08/2018,6.2012,6.1901
29/08/2018,6.2298,6.2186
30/08/2018,,
31/08/2018,6.4178,6.4063
01/09/2018,,
02/09/2018,,
03/09/2018,6.5616,6.5498
04/09/2018,6.6333,6.6213
05/09/2018,6.6918,6.6797
06/09/2018,6.6944,6.6824
07/09/2018,6.5981,6.5863
08/09/2018,,
09/09/2018,,
10/09/2018,6.4807,6.469
11/09/2018,6.4649,6.4533
12/09/2018,6.4654,6.4538
13/09/2018,6.406,6.3945
14/09/2018,6.3681,6.3566
15/09/2018,,
16/09/2018,,
17/09/2018,6.0768,6.0659
18/09/2018,6.272,6.2608
19/09/2018,6.375,6.3635
20/09/2018,6.3208,6.3095
21/09/2018,6.2831,6.2718
22/09/2018,,
23/09/2018,,
24/09/2018,6.2784,6.2671
25/09/2018,6.2399,6.2287
26/09/2018,6.135,6.124
27/09/2018,6.1353,6.1242
28/09/2018,6.0862,6.0752
29/09/2018,,
30/09/2018,,
01/10/2018,6.001,5.9902
02/10/2018,5.9767,5.9659
03/10/2018,6.019,6.0082
04/10/2018,6.0397,6.0289
05/10/2018,6.1354,6.1244
06/10/2018,,
07/10/2018,,
08/10/2018,6.1654,6.1543
09/10/2018,6.1626,6.1516
10/10/2018,6.1266,6.1156
11/10/2018,6.0995,6.0885
12/10/2018,5.9941,5.9833
13/10/2018,,
14/10/2018,,
15/10/2018,5.9149,5.9042
16/10/2018,5.8218,5.8113
17/10/2018,5.7898,5.7794
18/10/2018,5.6928,5.6825
19/10/2018,5.5598,5.5498
20/10/2018,,
21/10/2018,,
22/10/2018,5.6235,5.6134
23/10/2018,5.6582,5.6481
24/10/2018,5.7814,5.771
25/10/2018,5.7273,5.717
26/10/2018,5.6899,5.6797
27/10/2018,,
28/10/2018,,
29/10/2018,,
30/10/2018,5.6287,5.6186
31/10/2018,5.5303,5.5203
01/11/2018,5.508,5.4981
02/11/2018,5.5804,5.5704
03/11/2018,,
04/11/2018,,
05/11/2018,5.4712,5.4613
06/11/2018,5.4569,5.447
07/11/2018,5.3514,5.3418
08/11/2018,5.3672,5.3575
09/11/2018,5.4193,5.4095
10/11/2018,,
11/11/2018,,
12/11/2018,5.4918,5.4819
13/11/2018,5.4862,5.4764
14/11/2018,5.4868,5.477
15/11/2018,5.4724,5.4625
16/11/2018,5.4275,5.4177
17/11/2018,,
18/11/2018,,
19/11/2018,5.3508,5.3412
20/11/2018,5.3327,5.3231
21/11/2018,5.3368,5.3272
22/11/2018,5.3593,5.3497
23/11/2018,5.3124,5.3029
24/11/2018,,
25/11/2018,,
26/11/2018,5.2866,5.2771
27/11/2018,5.2538,5.2444
28/11/2018,5.2461,5.2366
29/11/2018,5.258,5.2486
30/11/2018,5.1742,5.1649
01/12/2018,,
02/12/2018,,
03/12/2018,5.1663,5.157
04/12/2018,5.2,5.1906
05/12/2018,5.2818,5.2723
06/12/2018,5.3829,5.3733
07/12/2018,5.3705,5.3608
08/12/2018,,
09/12/2018,,
10/12/2018,5.3353,5.3257
11/12/2018,5.2905,5.281
12/12/2018,5.3601,5.3505
13/12/2018,5.373,5.3633
14/12/2018,5.3708,5.3611
15/12/2018,,
16/12/2018,,
17/12/2018,5.3807,5.371
18/12/2018,5.3863,5.3766
19/12/2018,5.36,5.3504
20/12/2018,5.341,5.3314
21/12/2018,5.2695,5.26
22/12/2018,,
23/12/2018,,
24/12/2018,5.2841,5.2746
25/12/2018,5.3021,5.2926
26/12/2018,5.313,5.3034
27/12/2018,5.2927,5.2832
28/12/2018,5.2985,5.2889
29/12/2018,,
30/12/2018,,
31/12/2018,5.2704,5.2609
01/01/2019,,
02/01/2019,5.2905,5.281
03/01/2019,5.3412,5.3316
04/01/2019,5.4686,5.4588
05/01/2019,,
06/01/2019,,
07/01/2019,5.4186,5.4088
08/01/2019,5.3693,5.3597
09/01/2019,5.4362,5.4264
10/01/2019,5.5072,5.4973
11/01/2019,5.4724,5.4626
12/01/2019,,
13/01/2019,,
14/01/2019,5.434,5.4242
15/01/2019,5.5203,5.5103
16/01/2019,5.4499,5.4401
17/01/2019,5.4134,5.4037
18/01/2019,5.3659,5.3563
19/01/2019,,
20/01/2019,,
21/01/2019,5.3526,5.3429
22/01/2019,5.3465,5.3369
23/01/2019,5.3551,5.3454
24/01/2019,5.3238,5.3142
25/01/2019,5.2835,5.274
26/01/2019,,
27/01/2019,,
28/01/2019,5.2736,5.2641
29/01/2019,5.2858,5.2763
30/01/2019,5.3436,5.3339
31/01/2019,5.2876,5.2781
01/02/2019,5.2203,5.2109
02/02/2019,,
03/02/2019,,
04/02/2019,5.2038,5.1945
05/02/2019,5.2288,5.2194
06/02/2019,5.2073,5.1979
07/02/2019,5.2183,5.2089
08/02/2019,5.2502,5.2407
09/02/2019,,
10/02/2019,,
11/02/2019,5.2532,5.2438
12/02/2019,5.2651,5.2556
13/02/2019,5.2733,5.2638
14/02/2019,5.2523,5.2429
15/02/2019,5.2962,5.2867
16/02/2019,,
17/02/2019,,
18/02/2019,5.2696,5.2601
19/02/2019,5.3018,5.2922
20/02/2019,5.3147,5.3052
21/02/2019,5.3059,5.2964
22/02/2019,5.3236,5.3141
23/02/2019,,
24/02/2019,,
25/02/2019,5.3264,5.3168
26/02/2019,5.3154,5.3058
27/02/2019,5.3044,5.2949
28/02/2019,5.3,5.2905
01/03/2019,5.3273,5.3177
02/03/2019,,
03/03/2019,,
04/03/2019,5.3538,5.3442
05/03/2019,5.3878,5.3781
06/03/2019,5.3767,5.3671
07/03/2019,5.3887,5.379
08/03/2019,5.4407,5.4309
09/03/2019,,
10/03/2019,,
11/03/2019,5.4642,5.4544
12/03/2019,5.4443,5.4345
13/03/2019,5.4457,5.4359
14/03/2019,5.4621,5.4523
15/03/2019,5.4716,5.4617
16/03/2019,,
17/03/2019,,
18/03/2019,5.4662,5.4564
19/03/2019,5.4643,5.4544
20/03/2019,5.4741,5.4642
21/03/2019,5.4799,5.47
22/03/2019,5.449,5.4392
23/03/2019,,
24/03/2019,,
25/03/2019,5.5373,5.5274
26/03/2019,5.6559,5.6458
27/03/2019,5.5044,5.4945
28/03/2019,5.3403,5.3307
29/03/2019,5.5523,5.5423
30/03/2019,,
31/03/2019,,
01/04/2019,5.6386,5.6284
02/04/2019,5.6086,5.5986
03/04/2019,5.5669,5.5569
04/04/2019,5.6168,5.6067
05/04/2019,5.6392,5.6291
06/04/2019,,
07/04/2019,,
08/04/2019,5.6024,5.5923
09/04/2019,5.6774,5.6671
10/04/2019,5.6678,5.6576
11/04/2019,5.6829,5.6727
12/04/2019,5.7215,5.7112
13/04/2019,,
14/04/2019,,
15/04/2019,5.7931,5.7827
16/04/2019,5.7956,5.7852
17/04/2019,5.7996,5.7892
18/04/2019,5.7531,5.7427
19/04/2019,5.8199,5.8094
20/04/2019,,
21/04/2019,,
22/04/2019,5.8025,5.7921
23/04/2019,,
24/04/2019,5.8358,5.8253
25/04/2019,5.8703,5.8598
26/04/2019,5.9033,5.8927
27/04/2019,,
28/04/2019,,
29/04/2019,5.934,5.9233
30/04/2019,5.9389,5.9282
01/05/2019,,
02/05/2019,5.9671,5.9563
03/05/2019,5.9679,5.9571
04/05/2019,,
05/05/2019,,
06/05/2019,5.9709,5.9602
07/05/2019,6.0023,5.9915
08/05/2019,6.1586,6.1475
09/05/2019,6.1718,6.1607
10/05/2019,6.2138,6.2026
11/05/2019,,
12/05/2019,,
13/05/2019,6.1239,6.1129
14/05/2019,6.0936,6.0827
15/05/2019,6.0547,6.0438
16/05/2019,6.0638,6.0529
17/05/2019,6.0107,5.9999
18/05/2019,,
19/05/2019,,
20/05/2019,6.0572,6.0463
21/05/2019,6.0509,6.04
22/05/2019,6.0534,6.0425
23/05/2019,6.0872,6.0762
24/05/2019,6.1362,6.1252
25/05/2019,,
26/05/2019,,
27/05/2019,6.0766,6.0656
28/05/2019,6.0569,6.046
29/05/2019,6.0501,6.0392
30/05/2019,6.0261,6.0152
31/05/2019,5.9342,5.9235
01/06/2019,,
02/06/2019,,
03/06/2019,5.8718,5.8613
04/06/2019,,
05/06/2019,,
06/06/2019,,
07/06/2019,5.8718,5.8613
08/06/2019,,
09/06/2019,,
10/06/2019,5.846,5.8354
11/06/2019,5.8174,5.807
12/06/2019,5.7895,5.7791
13/06/2019,5.8101,5.7997
14/06/2019,5.8369,5.8264
15/06/2019,,
16/06/2019,,
17/06/2019,5.8932,5.8826
18/06/2019,5.881,5.8704
19/06/2019,5.8515,5.841
20/06/2019,5.8624,5.8518
21/06/2019,5.7414,5.7311
22/06/2019,,
23/06/2019,,
24/06/2019,5.802,5.7915
25/06/2019,5.7547,5.7444
26/06/2019,5.8008,5.7904
27/06/2019,5.7734,5.763
28/06/2019,5.7769,5.7665
29/06/2019,,
30/06/2019,,
01/07/2019,5.7654,5.7551
02/07/2019,5.6895,5.6792
03/07/2019,5.6772,5.6669
04/07/2019,5.6394,5.6292
05/07/2019,5.6035,5.5934
06/07/2019,,
07/07/2019,,
08/07/2019,5.6108,5.6007
09/07/2019,5.733,5.7227
10/07/2019,5.7225,5.7122
11/07/2019,5.7485,5.7381
12/07/2019,5.6767,5.6665
13/07/2019,,
14/07/2019,,
15/07/2019,,
16/07/2019,5.7019,5.6916
17/07/2019,5.713,5.7027
18/07/2019,5.7031,5.6929
19/07/2019,5.7014,5.6912
20/07/2019,,
21/07/2019,,
22/07/2019,5.6417,5.6316
23/07/2019,5.6786,5.6684
24/07/2019,5.6886,5.6784
25/07/2019,5.7238,5.7135
26/07/2019,5.7093,5.6991
27/07/2019,,
28/07/2019,,
29/07/2019,5.6665,5.6564
30/07/2019,5.6373,5.6272
31/07/2019,5.581,5.5709
01/08/2019,5.5326,5.5227
02/08/2019,5.5916,5.5815
03/08/2019,,
04/08/2019,,
05/08/2019,5.591,5.5809
06/08/2019,5.566,5.556
07/08/2019,5.5415,5.5315
08/08/2019,5.4957,5.4858
09/08/2019,5.4842,5.4744
10/08/2019,,
11/08/2019,,
12/08/2019,,
13/08/2019,,
14/08/2019,,
15/08/2019,5.4907,5.4809
16/08/2019,5.5814,5.5714
17/08/2019,,
18/08/2019,,
19/08/2019,5.5497,5.5398
20/08/2019,5.5875,5.5775
21/08/2019,5.7149,5.7046
22/08/2019,5.7199,5.7096
23/08/2019,5.7581,5.7478
24/08/2019,,
25/08/2019,,
26/08/2019,5.7642,5.7538
27/08/2019,5.8133,5.8029
28/08/2019,5.8362,5.8257
29/08/2019,5.8098,5.7994
30/08/2019,,
31/08/2019,,
01/09/2019,,
02/09/2019,5.8245,5.814
03/09/2019,5.8149,5.8044
04/09/2019,5.783,5.7726
05/09/2019,5.6758,5.6656
06/09/2019,5.6848,5.6746
07/09/2019,,
08/09/2019,,
09/09/2019,5.7035,5.6932
10/09/2019,5.7318,5.7215
11/09/2019,5.7671,5.7568
12/09/2019,5.7815,5.7711
13/09/2019,5.7387,5.7283
14/09/2019,,
15/09/2019,,
16/09/2019,5.6767,5.6665
17/09/2019,5.7228,5.7125
18/09/2019,5.733,5.7227
19/09/2019,5.6888,5.6785
20/09/2019,5.702,5.6917
21/09/2019,,
22/09/2019,,
23/09/2019,5.6991,5.6889
24/09/2019,5.7286,5.7183
25/09/2019,5.6845,5.6743
26/09/2019,5.6984,5.6882
27/09/2019,5.6761,5.6659
28/09/2019,,
29/09/2019,,
30/09/2019,5.6693,5.6591
01/10/2019,5.6539,5.6437
02/10/2019,5.6855,5.6752
03/10/2019,5.7383,5.728
04/10/2019,5.6956,5.6854
05/10/2019,,
06/10/2019,,
07/10/2019,5.6997,5.6894
08/10/2019,5.7446,5.7343
09/10/2019,5.8265,5.816
10/10/2019,5.8381,5.8276
11/10/2019,5.881,5.8704
12/10/2019,,
13/10/2019,,
14/10/2019,5.8522,5.8417
15/10/2019,5.9209,5.9103
16/10/2019,5.8987,5.8881
17/10/2019,5.9021,5.8915
18/10/2019,5.8912,5.8806
19/10/2019,,
20/10/2019,,
21/10/2019,5.7794,5.769
22/10/2019,5.8228,5.8124
23/10/2019,5.8408,5.8303
24/10/2019,5.7816,5.7712
25/10/2019,5.752,5.7417
26/10/2019,,
27/10/2019,,
28/10/2019,5.7688,5.7584
29/10/2019,,
30/10/2019,5.7688,5.7584
31/10/2019,5.7466,5.7363
01/11/2019,5.7186,5.7083
02/11/2019,,
03/11/2019,,
04/11/2019,5.7291,5.7188
05/11/2019,5.6934,5.6832
06/11/2019,5.7386,5.7282
07/11/2019,5.7584,5.748
08/11/2019,5.747,5.7366
09/11/2019,,
10/11/2019,,
11/11/2019,5.7532,5.7429
12/11/2019,5.7808,5.7704
13/11/2019,5.7769,5.7665
14/11/2019,5.7676,5.7573
15/11/2019,5.7674,5.757
16/11/2019,,
17/11/2019,,
18/11/2019,5.7573,5.747
19/11/2019,5.7407,5.7303
20/11/2019,5.7256,5.7153
21/11/2019,5.7066,5.6964
22/11/2019,5.6998,5.6896
23/11/2019,,
24/11/2019,,
25/11/2019,5.7021,5.6919
26/11/2019,5.7294,5.7191
27/11/2019,5.7486,5.7383
28/11/2019,5.7632,5.7528
29/11/2019,5.7682,5.7579
30/11/2019,,
01/12/2019,,
02/12/2019,5.7507,5.7403
03/12/2019,5.7529,5.7426
04/12/2019,5.7468,5.7365
05/12/2019,5.7463,5.736
06/12/2019,5.7591,5.7488
07/12/2019,,
08/12/2019,,
09/12/2019,5.7582,5.7479
10/12/2019,5.801,5.7905
11/12/2019,5.8092,5.7987
12/12/2019,5.8086,5.7982
13/12/2019,5.798,5.7875
14/12/2019,,
15/12/2019,,
16/12/2019,5.783,5.7726
17/12/2019,5.8449,5.8344
18/12/2019,5.8664,5.8558
19/12/2019,5.9097,5.8991
20/12/2019,5.9359,5.9252
21/12/2019,,
22/12/2019,,
23/12/2019,5.9222,5.9115
24/12/2019,5.9398,5.9291
25/12/2019,5.9471,5.9364
26/12/2019,5.94,5.9293
27/12/2019,5.9409,5.9302
28/12/2019,,
29/12/2019,,
30/12/2019,5.9477,5.937
31/12/2019,5.9509,5.9402
01/01/2020,,
02/01/2020,5.9507,5.94
03/01/2020,5.9585,5.9478
04/01/2020,,
05/01/2020,,
06/01/2020,5.9734,5.9627
07/01/2020,5.9766,5.9658
08/01/2020,5.9701,5.9594
09/01/2020,5.9679,5.9571
10/01/2020,5.8916,5.881
11/01/2020,,
12/01/2020,,
13/01/2020,5.8819,5.8713
14/01/2020,5.8635,5.8529
15/01/2020,5.8917,5.8811
16/01/2020,5.8933,5.8827
17/01/2020,5.879,5.8684
18/01/2020,,
19/01/2020,,
20/01/2020,5.867,5.8564
21/01/2020,5.9085,5.8979
22/01/2020,5.9297,5.9191
23/01/2020,5.94,5.9293
24/01/2020,5.9259,5.9152
25/01/2020,,
26/01/2020,,
27/01/2020,5.9394,5.9288
28/01/2020,5.9478,5.9371
29/01/2020,5.9441,5.9334
30/01/2020,5.9512,5.9405
31/01/2020,5.9824,5.9716
01/02/2020,,
02/02/2020,,
03/02/2020,5.9833,5.9726
04/02/2020,5.9863,5.9755
05/02/2020,5.9822,5.9714
06/02/2020,5.9867,5.976
07/02/2020,5.9891,5.9783
08/02/2020,,
09/02/2020,,
10/02/2020,5.9884,5.9776
11/02/2020,6.0059,5.9951
12/02/2020,6.038,6.0271
13/02/2020,6.0324,6.0215
14/02/2020,6.0568,6.0459
15/02/2020,,
16/02/2020,,
17/02/2020,6.0579,6.047
18/02/2020,6.046,6.0351
19/02/2020,6.0687,6.0578
20/02/2020,6.069,6.0581
21/02/2020,6.0934,6.0824
22/02/2020,,
23/02/2020,,
24/02/2020,6.1133,6.1023
25/02/2020,6.1494,6.1383
26/02/2020,6.1328,6.1218
27/02/2020,6.1574,6.1463
28/02/2020,6.1704,6.1593
29/02/2020,,
01/03/2020,,
02/03/2020,6.2371,6.2259
03/03/2020,6.2304,6.2192
04/03/2020,6.2055,6.1943
05/03/2020,6.1014,6.0904
06/03/2020,6.0882,6.0772
07/03/2020,,
08/03/2020,,
09/03/2020,6.093,6.0821
10/03/2020,6.1208,6.1098
11/03/2020,6.1261,6.1151
12/03/2020,6.1613,6.1502
13/03/2020,6.2376,6.2264
14/03/2020,,
15/03/2020,,
16/03/2020,6.2824,6.2711
17/03/2020,6.3743,6.3628
18/03/2020,6.4644,6.4528
19/03/2020,6.4628,6.4512
20/03/2020,6.5271,6.5154
21/03/2020,,
22/03/2020,,
23/03/2020,6.4956,6.4839
24/03/2020,6.5983,6.5864
25/03/2020,6.506,6.4943
26/03/2020,6.4139,6.4024
27/03/2020,6.4676,6.456
28/03/2020,,
29/03/2020,,
30/03/2020,6.4462,6.4346
31/03/2020,6.5277,6.516
01/04/2020,6.5815,6.5696
02/04/2020,6.6548,6.6428
03/04/2020,6.6792,6.6672
04/04/2020,,
05/04/2020,,
06/04/2020,6.7024,6.6903
07/04/2020,6.7671,6.7549
08/04/2020,6.7496,6.7375
09/04/2020,6.7827,6.7705
10/04/2020,6.7504,6.7382
11/04/2020,,
12/04/2020,,
13/04/2020,6.6998,6.6877
14/04/2020,6.774,6.7618
15/04/2020,6.7874,6.7752
16/04/2020,6.8628,6.8505
17/04/2020,6.9197,6.9073
18/04/2020,,
19/04/2020,,
20/04/2020,6.9255,6.913
21/04/2020,6.9207,6.9082
22/04/2020,6.9719,6.9593
23/04/2020,,
24/04/2020,6.9833,6.9708
25/04/2020,,
26/04/2020,,
27/04/2020,6.9715,6.9589
28/04/2020,6.9801,6.9675
29/04/2020,7.0006,6.9881
30/04/2020,6.9913,6.9787
01/05/2020,,
02/05/2020,,
03/05/2020,,
04/05/2020,6.9845,6.9719
05/05/2020,7.0278,7.0151
06/05/2020,7.0677,7.055
07/05/2020,7.1463,7.1334
08/05/2020,7.2339,7.2209
09/05/2020,,
10/05/2020,,
11/05/2020,7.1088,7.096
12/05/2020,7.0803,7.0676
13/05/2020,7.0248,7.0121
14/05/2020,6.9915,6.9789
15/05/2020,6.9668,6.9543
16/05/2020,,
17/05/2020,,
18/05/2020,6.9166,6.9041
19/05/2020,,
20/05/2020,6.872,6.8596
21/05/2020,6.7963,6.7841
22/05/2020,6.8005,6.7883
23/05/2020,,
24/05/2020,,
25/05/2020,,
26/05/2020,,
27/05/2020,6.804,6.7917
28/05/2020,6.7729,6.7607
29/05/2020,6.8016,6.7894
30/05/2020,,
31/05/2020,,
01/06/2020,6.826,6.8138
02/06/2020,6.8181,6.8059
03/06/2020,6.7939,6.7817
04/06/2020,6.7429,6.7308
05/06/2020,6.7598,6.7476
06/06/2020,,
07/06/2020,,
08/06/2020,6.7695,6.7573
09/06/2020,6.7836,6.7714
10/06/2020,6.7951,6.7828
11/06/2020,6.7899,6.7777
12/06/2020,6.7949,6.7827
13/06/2020,,
14/06/2020,,
15/06/2020,6.8265,6.8142
16/06/2020,6.8343,6.822
17/06/2020,6.8377,6.8254
18/06/2020,6.8456,6.8333
19/06/2020,6.8573,6.845
20/06/2020,,
21/06/2020,,
22/06/2020,6.8563,6.844
23/06/2020,6.8545,6.8422
24/06/2020,6.8563,6.844
25/06/2020,6.8575,6.8452
26/06/2020,6.8558,6.8434
27/06/2020,,
28/06/2020,,
29/06/2020,6.854,6.8417
30/06/2020,6.8545,6.8422
01/07/2020,6.8555,6.8432
02/07/2020,6.8555,6.8432
03/07/2020,6.8552,6.8428
04/07/2020,,
05/07/2020,,
06/07/2020,6.8545,6.8422
07/07/2020,6.859,6.8467
08/07/2020,6.8642,6.8519
09/07/2020,6.8647,6.8523
10/07/2020,6.8654,6.853
11/07/2020,,
12/07/2020,,
13/07/2020,6.8638,6.8514
14/07/2020,6.8652,6.8528
15/07/2020,,
16/07/2020,6.8648,6.8524
17/07/2020,6.8573,6.845
18/07/2020,,
19/07/2020,,
20/07/2020,6.8563,6.8439
21/07/2020,6.8562,6.8438
22/07/2020,6.8553,6.8429
23/07/2020,6.8495,6.8372
24/07/2020,6.8471,6.8348
25/07/2020,,
26/07/2020,,
27/07/2020,6.8476,6.8353
28/07/2020,6.8487,6.8364
29/07/2020,6.897,6.8846
30/07/2020,6.9497,6.9372
31/07/2020,,
01/08/2020,,
02/08/2020,,
03/08/2020,,
04/08/2020,6.9497,6.9372
05/08/2020,6.9459,6.9334
06/08/2020,6.9998,6.9872
07/08/2020,7.1722,7.1593
08/08/2020,,
09/08/2020,,
10/08/2020,7.2792,7.2661
11/08/2020,7.3128,7.2996
12/08/2020,7.2613,7.2483
13/08/2020,7.2996,7.2865
14/08/2020,7.3278,7.3147
15/08/2020,,
16/08/2020,,
17/08/2020,7.3577,7.3445
18/08/2020,7.381,7.3677
19/08/2020,7.3812,7.3679
20/08/2020,7.3609,7.3477
21/08/2020,7.3083,7.2952
22/08/2020,,
23/08/2020,,
24/08/2020,7.2286,7.2156
25/08/2020,7.3504,7.3372
26/08/2020,7.3807,7.3674
27/08/2020,7.3591,7.3459
28/08/2020,7.3306,7.3174
29/08/2020,,
30/08/2020,,
31/08/2020,7.3182,7.305
01/09/2020,7.3393,7.3261
02/09/2020,7.3553,7.3421
03/09/2020,7.3696,7.3563
04/09/2020,7.4127,7.3994
05/09/2020,,
06/09/2020,,
07/09/2020,7.4267,7.4133
08/09/2020,7.4483,7.4349
09/09/2020,7.4672,7.4537
10/09/2020,7.4805,7.467
11/09/2020,7.4688,7.4553
12/09/2020,,
13/09/2020,,
14/09/2020,7.453,7.4396
15/09/2020,7.4823,7.4689
16/09/2020,7.4803,7.4668
17/09/2020,7.4812,7.4678
18/09/2020,7.5287,7.5152
19/09/2020,,
20/09/2020,,
21/09/2020,7.548,7.5344
22/09/2020,7.5857,7.572
23/09/2020,7.6389,7.6251
24/09/2020,7.6708,7.657
25/09/2020,7.6768,7.663
26/09/2020,,
27/09/2020,,
28/09/2020,7.5682,7.5546
29/09/2020,7.7647,7.7507
30/09/2020,7.8221,7.808
01/10/2020,7.7662,7.7522
02/10/2020,7.7085,7.6946
03/10/2020,,
04/10/2020,,
05/10/2020,7.7427,7.7288
06/10/2020,7.7446,7.7307
07/10/2020,7.7591,7.7452
08/10/2020,7.8408,7.8267
09/10/2020,7.9073,7.8931
10/10/2020,,
11/10/2020,,
12/10/2020,7.9215,7.9072
13/10/2020,7.8815,7.8673
14/10/2020,7.892,7.8778
15/10/2020,7.9348,7.9205
16/10/2020,7.9259,7.9116
17/10/2020,,
18/10/2020,,
19/10/2020,7.9272,7.9129
20/10/2020,7.892,7.8778
21/10/2020,7.8903,7.8761
22/10/2020,7.832,7.8179
23/10/2020,7.8166,7.8025
24/10/2020,,
25/10/2020,,
26/10/2020,7.9522,7.9379
27/10/2020,8.0429,8.0285
28/10/2020,8.1357,8.1211
29/10/2020,,
30/10/2020,8.1357,8.1211
31/10/2020,,
01/11/2020,,
02/11/2020,8.3232,8.3082
03/11/2020,8.3911,8.376
04/11/2020,8.4698,8.4546
05/11/2020,8.4705,8.4553
06/11/2020,8.4569,8.4417
07/11/2020,,
08/11/2020,,
09/11/2020,8.4765,8.4613
10/11/2020,8.1926,8.1778
11/11/2020,8.2507,8.2358
12/11/2020,8.0622,8.0477
13/11/2020,7.8037,7.7896
14/11/2020,,
15/11/2020,,
16/11/2020,7.6435,7.6297
17/11/2020,7.6889,7.6751
18/11/2020,7.7533,7.7393
19/11/2020,7.7334,7.7195
20/11/2020,7.6837,7.6699
21/11/2020,,
22/11/2020,,
23/11/2020,7.5922,7.5785
24/11/2020,7.7733,7.7593
25/11/2020,7.9313,7.917
26/11/2020,7.9558,7.9415
27/11/2020,7.9088,7.8945
28/11/2020,,
29/11/2020,,
30/11/2020,7.8116,7.7975
01/12/2020,7.8032,7.7892
02/12/2020,7.8553,7.8412
03/12/2020,7.8221,7.808
04/12/2020,7.8614,7.8472
05/12/2020,,
06/12/2020,,
07/12/2020,7.7936,7.7796
08/12/2020,7.8514,7.8373
09/12/2020,7.8227,7.8087
10/12/2020,7.8344,7.8203
11/12/2020,7.864,7.8499
12/12/2020,,
13/12/2020,,
14/12/2020,7.9492,7.9349
15/12/2020,7.8841,7.8699
16/12/2020,7.8473,7.8331
17/12/2020,7.8013,7.7873
18/12/2020,7.765,7.751
19/12/2020,,
20/12/2020,,
21/12/2020,7.7036,7.6898
22/12/2020,7.6907,7.6769
23/12/2020,7.6505,7.6368
24/12/2020,7.6458,7.6321
25/12/2020,7.6327,7.619
26/12/2020,,
27/12/2020,,
28/12/2020,7.5653,7.5517
29/12/2020,7.4873,7.4738
30/12/2020,7.4197,7.4063
31/12/2020,7.3537,7.3405
01/01/2021,,
02/01/2021,,
03/01/2021,,
04/01/2021,7.4327,7.4194
05/01/2021,7.3734,7.3602
06/01/2021,7.3999,7.3866
07/01/2021,7.3432,7.33
08/01/2021,7.2864,7.2733
09/01/2021,,
10/01/2021,,
11/01/2021,7.3622,7.349
12/01/2021,7.4565,7.4431
13/01/2021,7.4743,7.4608
14/01/2021,7.4419,7.4285
15/01/2021,7.4018,7.3885
16/01/2021,,
17/01/2021,,
18/01/2021,7.401,7.3877
19/01/2021,7.5087,7.4952
20/01/2021,7.4619,7.4485
21/01/2021,7.4501,7.4367
22/01/2021,7.3969,7.3836
23/01/2021,,
24/01/2021,,
25/01/2021,7.4118,7.3985
26/01/2021,7.393,7.3797
27/01/2021,7.3968,7.3835
28/01/2021,7.3676,7.3544
29/01/2021,7.3856,7.3723
30/01/2021,,
31/01/2021,,
01/02/2021,7.3348,7.3216
02/02/2021,7.2315,7.2185
03/02/2021,7.1501,7.1372
04/02/2021,7.1627,7.1498
05/02/2021,7.1453,7.1324
06/02/2021,,
07/02/2021,,
08/02/2021,7.0917,7.0789
09/02/2021,7.0791,7.0663
10/02/2021,7.0949,7.0821
11/02/2021,7.064,7.0513
12/02/2021,7.0531,7.0404
13/02/2021,,
14/02/2021,,
15/02/2021,7.0288,7.0162
16/02/2021,6.985,6.9724
17/02/2021,6.9275,6.915
18/02/2021,7.0167,7.004
19/02/2021,6.9652,6.9527
20/02/2021,,
21/02/2021,,
22/02/2021,6.9736,6.9611
23/02/2021,7.0066,6.994
24/02/2021,7.038,7.0253
25/02/2021,7.1485,7.1357
26/02/2021,7.2054,7.1924
27/02/2021,,
28/02/2021,,
01/03/2021,7.3841,7.3708
02/03/2021,7.316,7.3029
03/03/2021,7.3248,7.3117
04/03/2021,7.3524,7.3391
05/03/2021,7.4659,7.4524
06/03/2021,,
07/03/2021,,
08/03/2021,7.5231,7.5096
09/03/2021,7.6075,7.5939
10/03/2021,7.654,7.6403
11/03/2021,7.6088,7.5952
12/03/2021,7.4581,7.4446
13/03/2021,,
14/03/2021,,
15/03/2021,7.5846,7.5709
16/03/2021,7.551,7.5374
17/03/2021,7.5176,7.5041
18/03/2021,7.5115,7.498
19/03/2021,7.4708,7.4573
,,
,,
Seri Aklamalar,,
TP.DK.USD.S.YTL,(USD) ABD Dolar (Dviz Sat)-Dzey,Gzlem Deeri: Orijinal Gzlem
TP.DK.USD.A.YTL,(USD) ABD Dolar (Dviz Al)-Dzey,Gzlem Deeri: Orijinal Gzlem
,,
Notlar,,
TP.DK.USD.S.YTL,Veri Kayna,TCMB
,Etiketler,"Kurlar, Dviz, Kurlar, Gnlk"
TP.DK.USD.A.YTL,Veri Kayna,TCMB
,Etiketler,"Kurlar, Dviz, Kurlar, Gnlk"
